,SEASON_ID,Player_ID,Game_ID,GAME_DATE,MATCHUP,WL,MIN,FGM,FGA,FG_PCT,FG3M,FG3A,FG3_PCT,FTM,FTA,FT_PCT,OREB,DREB,REB,AST,STL,BLK,TOV,PF,PTS,PLUS_MINUS,VIDEO_AVAILABLE
0,22023,203999,0022301193,"APR 14, 2024",DEN @ MEM,W,31,7,11,0.636,0,0,0.0,1,2,0.5,4,11,15,5,4,0,4,1,15,19,1
1,22023,203999,0022301180,"APR 12, 2024",DEN @ SAS,L,39,9,13,0.692,1,2,0.5,3,3,1.0,2,5,7,12,2,1,3,5,22,-1,1
2,22023,203999,0022301164,"APR 10, 2024",DEN vs. MIN,W,38,16,20,0.8,2,2,1.0,7,12,0.583,2,9,11,7,3,0,2,5,41,6,1
3,22023,203999,0022301154,"APR 09, 2024",DEN @ UTA,W,34,12,20,0.6,2,2,1.0,2,2,1.0,5,8,13,7,3,1,5,2,28,23,1
4,22023,203999,0022301130,"APR 06, 2024",DEN vs. ATL,W,31,6,13,0.462,2,3,0.667,5,6,0.833,1,13,14,11,2,0,4,1,19,19,1
5,22023,203999,0022301114,"APR 04, 2024",DEN @ LAC,L,40,14,24,0.583,3,8,0.375,5,6,0.833,1,16,17,10,0,0,5,2,36,12,1
6,22023,203999,0022301099,"APR 02, 2024",DEN vs. SAS,W,38,18,32,0.563,1,6,0.167,5,6,0.833,4,12,16,6,1,2,4,2,42,5,1
7,22023,203999,0022301077,"MAR 31, 2024",DEN vs. CLE,W,35,11,18,0.611,1,2,0.5,3,5,0.6,4,14,18,16,1,0,3,2,26,37,1
8,22023,203999,0022301071,"MAR 29, 2024",DEN vs. MIN,L,37,11,24,0.458,0,3,0.0,10,13,0.769,1,9,10,5,2,1,4,2,32,-9,1
9,22023,203999,0022301059,"MAR 27, 2024",DEN vs. PHX,L,42,9,16,0.563,1,5,0.2,3,3,1.0,0,9,9,10,2,1,1,2,22,2,1
10,22023,203999,0022301040,"MAR 25, 2024",DEN vs. MEM,W,31,11,18,0.611,1,2,0.5,6,7,0.857,5,6,11,8,3,1,4,4,29,13,1
11,22023,203999,0022301009,"MAR 21, 2024",DEN vs. NYK,W,39,12,23,0.522,0,1,0.0,6,7,0.857,2,12,14,11,1,0,1,1,30,30,1
12,22023,203999,0022300995,"MAR 19, 2024",DEN @ MIN,W,38,14,22,0.636,3,4,0.75,4,6,0.667,1,15,16,2,0,0,3,3,35,8,1
13,22023,203999,0022300978,"MAR 17, 2024",DEN @ DAL,L,39,6,16,0.375,0,2,0.0,4,5,0.8,3,8,11,7,2,0,3,1,16,10,1
14,22023,203999,0022300965,"MAR 15, 2024",DEN @ SAS,W,31,13,19,0.684,1,3,0.333,4,4,1.0,1,6,7,5,0,2,3,1,31,7,1
15,22023,203999,0022300949,"MAR 13, 2024",DEN @ MIA,W,38,5,8,0.625,0,0,0.0,2,3,0.667,3,11,14,6,1,0,4,1,12,10,1
16,22023,203999,0022300937,"MAR 11, 2024",DEN vs. TOR,W,38,14,26,0.538,1,3,0.333,6,6,1.0,6,11,17,12,6,2,2,3,35,13,1
17,22023,203999,0022300922,"MAR 09, 2024",DEN vs. UTA,W,32,12,14,0.857,0,0,0.0,2,2,1.0,2,4,6,8,1,2,3,1,26,6,1
18,22023,203999,0022300906,"MAR 07, 2024",DEN vs. BOS,W,39,11,19,0.579,0,0,0.0,10,10,1.0,4,8,12,11,2,0,0,1,32,9,1
19,22023,203999,0022300893,"MAR 05, 2024",DEN vs. PHX,L,44,8,18,0.444,4,7,0.571,5,7,0.714,3,13,16,5,0,0,7,2,25,-13,1
20,22023,203999,0022300869,"MAR 02, 2024",DEN @ LAL,W,39,16,25,0.64,1,5,0.2,2,2,1.0,2,8,10,7,0,1,3,1,35,16,1
21,22023,203999,0022300855,"FEB 29, 2024",DEN vs. MIA,W,38,6,15,0.4,0,3,0.0,6,6,1.0,2,9,11,7,1,2,4,4,18,12,1
22,22023,203999,0022300847,"FEB 28, 2024",DEN vs. SAC,W,32,5,9,0.556,0,0,0.0,4,4,1.0,1,13,14,11,3,1,2,3,14,37,1
23,22023,203999,0022300824,"FEB 25, 2024",DEN @ GSW,W,37,13,24,0.542,2,6,0.333,4,4,1.0,2,14,16,16,4,1,2,3,32,20,1
24,22023,203999,0022300812,"FEB 23, 2024",DEN @ POR,W,35,12,17,0.706,1,3,0.333,4,5,0.8,3,12,15,14,2,1,2,4,29,24,1
25,22023,203999,0022300800,"FEB 22, 2024",DEN vs. WAS,W,31,10,10,1.0,0,0,0.0,1,2,0.5,2,17,19,15,1,0,3,3,21,23,1
26,22023,203999,0022300786,"FEB 14, 2024",DEN vs. SAC,L,39,6,17,0.353,0,6,0.0,3,4,0.75,0,5,5,8,0,1,0,4,15,-6,1
27,22023,203999,0022300767,"FEB 12, 2024",DEN @ MIL,L,32,13,25,0.52,2,5,0.4,1,3,0.333,3,9,12,8,0,0,5,1,29,-16,1
28,22023,203999,0022300746,"FEB 09, 2024",DEN @ SAC,L,30,9,17,0.529,1,1,1.0,4,5,0.8,2,6,8,7,3,0,1,2,23,-7,1
29,22023,203999,0022300740,"FEB 08, 2024",DEN @ LAL,W,36,9,20,0.45,2,6,0.333,4,4,1.0,3,10,13,9,0,3,6,2,24,10,1
30,22023,203999,0022300712,"FEB 04, 2024",DEN vs. POR,W,34,12,20,0.6,1,3,0.333,4,5,0.8,1,7,8,7,2,0,2,1,29,-5,1
31,22023,203999,0022300697,"FEB 02, 2024",DEN vs. POR,W,38,11,16,0.688,1,1,1.0,4,4,1.0,7,15,22,12,1,2,4,3,27,20,1
32,22023,203999,0022300667,"JAN 29, 2024",DEN vs. MIL,W,40,10,25,0.4,1,6,0.167,4,5,0.8,1,15,16,12,3,2,3,1,25,9,1
33,22023,203999,0022300644,"JAN 27, 2024",DEN vs. PHI,W,37,8,16,0.5,0,1,0.0,10,16,0.625,5,11,16,7,2,0,3,3,26,2,1
34,22023,203999,0022300631,"JAN 25, 2024",DEN @ NYK,L,27,13,18,0.722,2,3,0.667,3,3,1.0,4,7,11,3,0,0,7,1,31,-23,1
35,22023,203999,0022300614,"JAN 23, 2024",DEN @ IND,W,37,13,19,0.684,3,4,0.75,2,2,1.0,2,11,13,10,0,1,1,3,31,9,1
36,22023,203999,0022300602,"JAN 21, 2024",DEN @ WAS,W,36,15,20,0.75,0,0,0.0,12,14,0.857,4,8,12,8,2,2,0,2,42,20,1
37,22023,203999,0022300586,"JAN 19, 2024",DEN @ BOS,W,38,14,22,0.636,2,4,0.5,4,4,1.0,2,10,12,9,0,0,4,1,34,1,1
38,22023,203999,0022300566,"JAN 16, 2024",DEN @ PHI,L,38,11,20,0.55,0,2,0.0,3,4,0.75,11,8,19,3,1,1,4,3,25,1,1
39,22023,203999,0022300550,"JAN 14, 2024",DEN vs. IND,W,33,12,13,0.923,0,0,0.0,1,2,0.5,3,9,12,9,2,1,7,3,25,10,1
40,22023,203999,0022300539,"JAN 12, 2024",DEN vs. NOP,W,32,11,17,0.647,1,2,0.5,4,4,1.0,3,7,10,14,0,1,2,4,27,12,1
41,22023,203999,0022300524,"JAN 10, 2024",DEN @ UTA,L,30,8,9,0.889,1,1,1.0,10,12,0.833,1,10,11,6,1,0,6,3,27,-21,1
42,22023,203999,0022300502,"JAN 07, 2024",DEN vs. DET,W,25,2,3,0.667,0,0,0.0,0,0,0.0,0,7,7,16,0,5,2,4,4,16,1
43,22023,203999,0022300488,"JAN 05, 2024",DEN vs. ORL,L,37,13,19,0.684,0,1,0.0,3,4,0.75,0,4,4,8,3,0,2,3,29,-4,1
44,22023,203999,0022300478,"JAN 04, 2024",DEN @ GSW,W,38,13,16,0.813,2,2,1.0,6,7,0.857,2,7,9,10,2,1,4,2,34,4,1
45,22023,203999,0022300455,"JAN 01, 2024",DEN vs. CHA,W,28,6,7,0.857,0,0,0.0,1,1,1.0,0,11,11,6,1,1,3,2,13,27,1
46,22023,203999,0022300435,"DEC 29, 2023",DEN vs. OKC,L,32,9,10,0.9,1,1,1.0,0,0,0.0,2,8,10,7,1,1,7,2,19,-19,1
47,22023,203999,0022300425,"DEC 28, 2023",DEN vs. MEM,W,30,11,11,1.0,1,1,1.0,3,3,1.0,0,14,14,10,0,2,3,1,26,25,1
48,22023,203999,0022300402,"DEC 25, 2023",DEN vs. GSW,W,39,4,12,0.333,0,2,0.0,18,18,1.0,4,10,14,8,0,0,3,2,26,21,1
49,22023,203999,0022300390,"DEC 23, 2023",DEN @ CHA,W,36,8,14,0.571,0,2,0.0,2,2,1.0,2,8,10,9,1,1,3,6,18,12,1
50,22023,203999,0022300383,"DEC 22, 2023",DEN @ BKN,W,34,12,17,0.706,2,2,1.0,5,5,1.0,2,9,11,7,3,2,0,4,31,29,1
51,22023,203999,0022300369,"DEC 20, 2023",DEN @ TOR,W,38,13,23,0.565,3,5,0.6,2,3,0.667,5,10,15,6,0,2,2,2,31,15,1
52,22023,203999,0022300356,"DEC 18, 2023",DEN vs. DAL,W,28,3,8,0.375,0,1,0.0,2,2,1.0,1,8,9,7,2,0,2,2,8,16,1
53,22023,203999,0022300340,"DEC 16, 2023",DEN vs. OKC,L,37,8,15,0.533,1,2,0.5,7,8,0.875,4,2,6,12,2,0,3,3,24,-9,1
54,22023,203999,0022300322,"DEC 14, 2023",DEN vs. BKN,W,30,8,12,0.667,0,2,0.0,10,12,0.833,1,13,14,10,1,0,1,2,26,21,1
55,22023,203999,0022300307,"DEC 12, 2023",DEN @ CHI,W,16,2,5,0.4,0,0,0.0,0,0,0.0,3,6,9,6,0,0,0,1,4,5,1
56,22023,203999,0022300296,"DEC 11, 2023",DEN @ ATL,W,36,9,13,0.692,1,1,1.0,6,7,0.857,2,6,8,9,3,2,1,3,25,8,1
57,22023,203999,0022301224,"DEC 08, 2023",DEN vs. HOU,L,34,9,26,0.346,1,2,0.5,4,7,0.571,7,9,16,5,0,2,3,5,23,3,1
58,22023,203999,0022301215,"DEC 06, 2023",DEN @ LAC,L,37,9,32,0.281,2,7,0.286,2,2,1.0,5,10,15,10,1,0,4,2,22,1,1
59,22023,203999,0022300290,"DEC 02, 2023",DEN @ SAC,L,38,13,23,0.565,1,4,0.25,9,12,0.75,2,11,13,14,2,1,0,3,36,11,1
60,22023,203999,0022300279,"DEC 01, 2023",DEN @ PHX,W,35,9,18,0.5,0,3,0.0,3,6,0.5,1,4,5,16,1,2,3,4,21,6,1
61,22023,203999,0022300263,"NOV 29, 2023",DEN vs. HOU,W,33,12,19,0.632,1,2,0.5,7,8,0.875,6,4,10,15,1,0,0,2,32,29,1
62,22023,203999,0022300252,"NOV 26, 2023",DEN vs. SAS,W,34,17,29,0.586,0,0,0.0,5,5,1.0,5,6,11,9,1,0,5,3,39,14,1
63,22023,203999,0022300048,"NOV 24, 2023",DEN @ HOU,L,42,14,31,0.452,3,8,0.375,7,11,0.636,6,13,19,8,3,0,3,3,38,-12,1
64,22023,203999,0022300226,"NOV 22, 2023",DEN @ ORL,L,36,12,18,0.667,1,2,0.5,5,5,1.0,5,8,13,12,3,2,1,4,30,4,1
65,22023,203999,0022300218,"NOV 20, 2023",DEN @ DET,W,15,4,8,0.5,1,4,0.25,0,0,0.0,0,5,5,5,0,1,1,1,9,-4,1
66,22023,203999,0022300210,"NOV 19, 2023",DEN @ CLE,L,28,8,13,0.615,0,0,0.0,2,5,0.4,1,9,10,7,1,1,3,5,18,-16,1
67,22023,203999,0022300034,"NOV 17, 2023",DEN @ NOP,L,36,10,20,0.5,1,8,0.125,5,5,1.0,2,14,16,18,1,1,4,2,26,5,1
68,22023,203999,0022300024,"NOV 14, 2023",DEN vs. LAC,W,36,8,23,0.348,2,7,0.286,14,14,1.0,3,13,16,9,1,0,4,2,32,3,1
69,22023,203999,0022300182,"NOV 12, 2023",DEN @ HOU,L,38,13,26,0.5,2,6,0.333,8,8,1.0,6,15,21,11,0,1,3,3,36,12,1
70,22023,203999,0022300169,"NOV 08, 2023",DEN vs. GSW,W,37,14,25,0.56,1,8,0.125,6,10,0.6,3,10,13,5,3,1,3,3,35,3,1
71,22023,203999,0022300156,"NOV 06, 2023",DEN vs. NOP,W,36,15,24,0.625,2,6,0.333,3,5,0.6,3,11,14,12,1,1,2,1,35,16,1
72,22023,203999,0022300139,"NOV 04, 2023",DEN vs. CHI,W,33,9,16,0.563,1,3,0.333,9,9,1.0,4,12,16,9,3,0,1,3,28,33,1
73,22023,203999,0022300006,"NOV 03, 2023",DEN vs. DAL,W,36,14,16,0.875,2,2,1.0,3,5,0.6,7,7,14,9,1,1,4,3,33,17,1
74,22023,203999,0022300123,"NOV 01, 2023",DEN @ MIN,L,30,11,23,0.478,1,6,0.167,2,2,1.0,2,8,10,3,0,0,5,0,25,-19,1
75,22023,203999,0022300110,"OCT 30, 2023",DEN vs. UTA,W,35,12,16,0.75,1,3,0.333,2,5,0.4,1,9,10,11,0,2,1,3,27,13,1
76,22023,203999,0022300095,"OCT 29, 2023",DEN @ OKC,W,30,12,16,0.75,1,2,0.5,3,3,1.0,2,12,14,5,0,0,4,3,28,21,1
77,22023,203999,0022300078,"OCT 27, 2023",DEN @ MEM,W,35,8,14,0.571,1,4,0.25,5,6,0.833,3,9,12,7,1,1,9,1,22,6,1
78,22023,203999,0022300061,"OCT 24, 2023",DEN vs. LAL,W,36,12,22,0.545,3,5,0.6,2,4,0.5,3,10,13,11,1,1,2,2,29,15,1
79,22022,203999,0022201213,"APR 08, 2023",DEN @ UTA,L,27,2,5,0.4,0,1,0.0,2,2,1.0,0,10,10,10,2,0,4,2,6,-5,1
80,22022,203999,0022201183,"APR 04, 2023",DEN @ HOU,L,25,7,13,0.538,0,2,0.0,0,1,0.0,2,8,10,4,2,3,8,1,14,-21,1
81,22022,203999,0022201126,"MAR 27, 2023",DEN vs. PHI,W,35,8,11,0.727,0,0,0.0,9,11,0.818,3,14,17,12,0,2,3,3,25,11,1
82,22022,203999,0022201109,"MAR 25, 2023",DEN vs. MIL,W,32,10,20,0.5,1,6,0.167,10,11,0.909,1,5,6,11,1,0,3,2,31,19,1
83,22022,203999,0022201083,"MAR 22, 2023",DEN @ WAS,W,34,12,16,0.75,2,3,0.667,5,5,1.0,5,7,12,7,3,0,2,1,31,28,1
84,22022,203999,0022201063,"MAR 19, 2023",DEN @ BKN,W,36,9,12,0.75,0,0,0.0,4,4,1.0,4,13,17,10,2,0,1,5,22,13,1
85,22022,203999,0022201055,"MAR 18, 2023",DEN @ NYK,L,37,11,18,0.611,1,5,0.2,1,1,1.0,2,8,10,8,0,1,6,2,24,2,1
86,22022,203999,0022201042,"MAR 16, 2023",DEN @ DET,W,33,14,18,0.778,0,1,0.0,2,3,0.667,4,6,10,9,1,1,1,2,30,13,1
87,22022,203999,0022201029,"MAR 14, 2023",DEN @ TOR,L,35,10,13,0.769,0,1,0.0,8,8,1.0,2,6,8,7,1,0,4,3,28,-8,1
88,22022,203999,0022201014,"MAR 12, 2023",DEN vs. BKN,L,39,14,23,0.609,0,1,0.0,7,10,0.7,6,14,20,11,2,2,3,2,35,14,1
89,22022,203999,0022201002,"MAR 10, 2023",DEN @ SAS,L,39,14,24,0.583,4,6,0.667,5,6,0.833,3,8,11,11,3,0,5,2,37,-2,1
90,22022,203999,0022200989,"MAR 08, 2023",DEN vs. CHI,L,35,7,16,0.438,3,9,0.333,1,4,0.25,1,11,12,8,0,0,5,1,18,-14,1
91,22022,203999,0022200975,"MAR 06, 2023",DEN vs. TOR,W,36,5,8,0.625,1,1,1.0,6,6,1.0,3,10,13,9,0,1,4,1,17,7,1
92,22022,203999,0022200952,"MAR 03, 2023",DEN vs. MEM,W,35,7,10,0.7,0,0,0.0,4,6,0.667,3,15,18,10,0,1,2,5,18,16,1
93,22022,203999,0022200926,"FEB 28, 2023",DEN @ HOU,W,28,7,11,0.636,0,0,0.0,0,1,0.0,5,6,11,10,0,0,4,2,14,31,1
94,22022,203999,0022200918,"FEB 26, 2023",DEN vs. LAC,W,42,14,21,0.667,0,1,0.0,12,15,0.8,8,9,17,10,3,0,1,2,40,11,1
95,22022,203999,0022200907,"FEB 25, 2023",DEN @ MEM,L,27,7,11,0.636,0,0,0.0,1,1,1.0,3,10,13,3,0,0,3,1,15,-20,1
96,22022,203999,0022200886,"FEB 23, 2023",DEN @ CLE,W,36,8,13,0.615,2,2,1.0,6,6,1.0,7,11,18,13,2,0,7,3,24,14,1
97,22022,203999,0022200881,"FEB 15, 2023",DEN vs. DAL,W,34,6,9,0.667,0,0,0.0,2,3,0.667,1,12,13,10,1,1,5,2,14,9,1
98,22022,203999,0022200861,"FEB 13, 2023",DEN @ MIA,W,34,12,14,0.857,0,0,0.0,3,3,1.0,0,12,12,8,0,0,0,3,27,5,1
99,22022,203999,0022200847,"FEB 11, 2023",DEN @ CHA,W,34,11,22,0.5,0,0,0.0,8,9,0.889,7,9,16,10,0,2,4,1,30,22,1
100,22022,203999,0022200831,"FEB 09, 2023",DEN @ ORL,L,38,10,19,0.526,3,5,0.6,6,9,0.667,2,10,12,6,1,2,7,3,29,8,1
101,22022,203999,0022200820,"FEB 07, 2023",DEN vs. MIN,W,28,8,10,0.8,0,1,0.0,4,5,0.8,1,11,12,16,1,1,1,1,20,40,1
102,22022,203999,0022200801,"FEB 04, 2023",DEN vs. ATL,W,34,5,8,0.625,0,1,0.0,4,5,0.8,3,15,18,10,1,2,5,3,14,20,1
103,22022,203999,0022200783,"FEB 02, 2023",DEN vs. GSW,W,33,9,13,0.692,0,0,0.0,4,5,0.8,2,12,14,16,1,1,3,0,22,26,1
104,22022,203999,0022200768,"JAN 31, 2023",DEN vs. NOP,W,38,10,14,0.714,1,3,0.333,5,5,1.0,1,17,18,15,1,1,5,2,26,20,1
105,22022,203999,0022200741,"JAN 28, 2023",DEN @ PHI,L,38,8,12,0.667,2,2,1.0,6,6,1.0,1,7,8,9,0,2,7,2,24,-1,1
106,22022,203999,0022200716,"JAN 24, 2023",DEN @ NOP,W,36,11,15,0.733,2,4,0.5,1,2,0.5,2,9,11,10,1,0,3,2,25,-6,1
107,22022,203999,0022200676,"JAN 18, 2023",DEN vs. MIN,W,31,12,20,0.6,0,0,0.0,7,7,1.0,4,7,11,13,1,0,3,5,31,21,1
108,22022,203999,0022200667,"JAN 17, 2023",DEN vs. POR,W,34,13,14,0.929,1,2,0.5,9,10,0.9,2,10,12,10,1,1,4,2,36,19,1
109,22022,203999,0022200653,"JAN 15, 2023",DEN vs. ORL,W,35,8,11,0.727,1,4,0.25,0,0,0.0,0,10,10,14,2,1,4,3,17,16,1
110,22022,203999,0022200624,"JAN 11, 2023",DEN vs. PHX,W,28,10,15,0.667,0,0,0.0,1,3,0.333,4,14,18,9,1,0,3,3,21,17,1
111,22022,203999,0022200609,"JAN 09, 2023",DEN vs. LAL,W,35,5,5,1.0,1,1,1.0,3,3,1.0,2,9,11,16,1,1,4,2,14,10,1
112,22022,203999,0022200588,"JAN 06, 2023",DEN vs. CLE,W,35,10,17,0.588,3,4,0.75,5,5,1.0,4,11,15,10,2,0,4,4,28,18,1
113,22022,203999,0022200579,"JAN 05, 2023",DEN vs. LAC,W,24,4,8,0.5,0,1,0.0,4,5,0.8,0,6,6,9,1,0,2,0,12,18,1
114,22022,203999,0022200557,"JAN 02, 2023",DEN @ MIN,L,33,10,20,0.5,1,3,0.333,3,4,0.75,1,6,7,9,2,0,5,4,24,-9,1
115,22022,203999,0022200549,"JAN 01, 2023",DEN vs. BOS,W,32,10,13,0.769,2,2,1.0,8,8,1.0,0,12,12,12,1,0,0,1,30,14,1
116,22022,203999,0022200535,"DEC 30, 2022",DEN vs. MIA,W,36,8,15,0.533,2,3,0.667,1,1,1.0,1,11,12,12,1,1,3,3,19,14,1
117,22022,203999,0022200522,"DEC 28, 2022",DEN @ SAC,L,32,15,24,0.625,0,3,0.0,10,10,1.0,1,6,7,6,1,1,5,3,40,-1,1
118,22022,203999,0022200514,"DEC 27, 2022",DEN @ SAC,W,37,7,10,0.7,0,0,0.0,6,6,1.0,0,9,9,11,1,0,0,3,20,13,1
119,22022,203999,0022200497,"DEC 25, 2022",DEN vs. PHX,W,44,16,25,0.64,2,4,0.5,7,9,0.778,4,11,15,15,0,1,3,4,41,12,1
120,22022,203999,0022200489,"DEC 23, 2022",DEN vs. POR,W,36,12,21,0.571,0,0,0.0,5,8,0.625,2,6,8,11,2,0,2,4,29,9,1
121,22022,203999,0022200465,"DEC 20, 2022",DEN vs. MEM,W,37,6,12,0.5,1,1,1.0,0,1,0.0,4,9,13,13,2,0,4,1,13,13,1
122,22022,203999,0022200450,"DEC 18, 2022",DEN vs. CHA,W,40,13,26,0.5,2,4,0.5,12,17,0.706,7,20,27,10,2,0,5,4,40,20,1
123,22022,203999,0022200437,"DEC 16, 2022",DEN @ LAL,L,35,8,15,0.533,1,3,0.333,8,9,0.889,2,9,11,8,4,0,5,3,25,-14,1
124,22022,203999,0022200422,"DEC 14, 2022",DEN vs. WAS,W,33,17,20,0.85,0,2,0.0,9,10,0.9,2,12,14,8,5,1,8,2,43,28,1
125,22022,203999,0022200393,"DEC 10, 2022",DEN vs. UTA,W,35,11,20,0.55,1,4,0.25,8,10,0.8,3,9,12,14,1,4,3,3,31,10,1
126,22022,203999,0022200376,"DEC 08, 2022",DEN @ POR,W,34,14,25,0.56,1,3,0.333,4,6,0.667,3,7,10,9,0,1,6,1,33,-8,1
127,22022,203999,0022200362,"DEC 06, 2022",DEN vs. DAL,L,34,7,13,0.538,0,3,0.0,5,6,0.833,0,8,8,8,1,0,3,1,19,2,1
128,22022,203999,0022200344,"DEC 04, 2022",DEN @ NOP,L,37,13,19,0.684,1,4,0.25,5,9,0.556,4,12,16,9,2,1,4,4,32,1,1
129,22022,203999,0022200327,"DEC 02, 2022",DEN @ ATL,L,35,10,15,0.667,3,6,0.5,1,4,0.25,1,9,10,8,1,0,2,2,24,-8,1
130,22022,203999,0022200320,"NOV 30, 2022",DEN vs. HOU,W,28,7,9,0.778,2,3,0.667,1,1,1.0,1,8,9,12,1,1,4,5,17,10,1
131,22022,203999,0022200305,"NOV 28, 2022",DEN vs. HOU,W,27,11,17,0.647,1,2,0.5,9,10,0.9,6,6,12,8,0,0,3,2,32,8,1
132,22022,203999,0022200285,"NOV 25, 2022",DEN @ LAC,W,32,7,13,0.538,0,1,0.0,5,7,0.714,2,11,13,6,2,1,2,3,19,19,1
133,22022,203999,0022200268,"NOV 23, 2022",DEN @ OKC,W,43,11,15,0.733,1,3,0.333,16,18,0.889,3,7,10,9,0,0,4,5,39,11,1
134,22022,203999,0022200258,"NOV 22, 2022",DEN vs. DET,L,37,12,16,0.75,0,0,0.0,7,11,0.636,2,7,9,10,1,1,5,3,31,13,1
135,22022,203999,0022200196,"NOV 13, 2022",DEN @ CHI,W,28,4,4,1.0,0,0,0.0,0,0,0.0,0,6,6,14,3,0,2,0,8,29,1
136,22022,203999,0022200176,"NOV 11, 2022",DEN @ BOS,L,30,12,20,0.6,2,4,0.5,3,4,0.75,3,5,8,3,0,0,2,4,29,-14,1
137,22022,203999,0022200160,"NOV 09, 2022",DEN @ IND,W,21,10,20,0.5,1,3,0.333,3,3,1.0,1,3,4,6,2,1,1,5,24,11,1
138,22022,203999,0022200154,"NOV 07, 2022",DEN @ SAS,W,34,11,20,0.55,0,1,0.0,4,5,0.8,1,7,8,10,2,3,4,2,26,15,1
139,22022,203999,0022200138,"NOV 05, 2022",DEN vs. SAS,W,27,9,10,0.9,1,1,1.0,2,2,1.0,0,6,6,10,2,0,4,2,21,20,1
140,22022,203999,0022200119,"NOV 03, 2022",DEN @ OKC,W,36,6,9,0.667,0,0,0.0,3,3,1.0,0,13,13,14,1,0,10,3,15,15,1
141,22022,203999,0022200095,"OCT 30, 2022",DEN @ LAL,L,36,8,16,0.5,1,5,0.2,6,7,0.857,4,10,14,6,0,2,2,0,23,0,1
142,22022,203999,0022200078,"OCT 28, 2022",DEN vs. UTA,W,25,3,10,0.3,0,4,0.0,6,8,0.75,3,7,10,6,1,1,1,1,12,8,1
143,22022,203999,0022200064,"OCT 26, 2022",DEN vs. LAL,W,35,12,17,0.706,0,4,0.0,7,7,1.0,1,12,13,9,4,0,3,3,31,28,1
144,22022,203999,0022200051,"OCT 24, 2022",DEN @ POR,L,27,3,4,0.75,0,0,0.0,3,3,1.0,1,8,9,9,0,0,1,5,9,-10,1
145,22022,203999,0022200035,"OCT 22, 2022",DEN vs. OKC,W,39,6,10,0.6,1,1,1.0,6,9,0.667,1,15,16,13,1,1,3,2,19,18,1
146,22022,203999,0022200026,"OCT 21, 2022",DEN @ GSW,W,34,7,13,0.538,1,2,0.5,11,11,1.0,3,9,12,10,0,0,5,4,26,-3,1
147,22022,203999,0022200012,"OCT 19, 2022",DEN @ UTA,L,33,12,17,0.706,1,3,0.333,2,2,1.0,2,2,4,6,3,0,3,4,27,-5,1
148,22021,203999,0022101201,"APR 07, 2022",DEN vs. MEM,W,35,16,24,0.667,1,3,0.333,2,2,1.0,3,13,16,6,4,1,3,2,35,37,1
149,22021,203999,0022101186,"APR 05, 2022",DEN vs. SAS,L,40,18,35,0.514,1,5,0.2,4,6,0.667,2,15,17,4,2,0,2,3,41,-11,1
150,22021,203999,0022101168,"APR 03, 2022",DEN @ LAL,W,33,15,22,0.682,0,3,0.0,8,11,0.727,1,17,18,6,2,2,7,3,38,7,1
151,22021,203999,0022101159,"APR 01, 2022",DEN vs. MIN,L,43,14,21,0.667,0,2,0.0,10,12,0.833,5,14,19,8,1,0,4,2,38,7,1
152,22021,203999,0022101137,"MAR 30, 2022",DEN @ IND,W,36,15,19,0.789,0,0,0.0,7,8,0.875,3,10,13,9,2,1,7,3,37,11,1
153,22021,203999,0022101122,"MAR 28, 2022",DEN @ CHA,W,35,9,17,0.529,0,0,0.0,8,12,0.667,5,14,19,11,2,0,4,1,26,21,1
154,22021,203999,0022101113,"MAR 26, 2022",DEN vs. OKC,W,35,13,15,0.867,0,1,0.0,9,10,0.9,2,10,12,8,2,2,3,4,35,19,1
155,22021,203999,0022101099,"MAR 24, 2022",DEN vs. PHX,L,32,9,10,0.9,1,2,0.5,9,11,0.818,2,4,6,6,3,0,8,2,28,-15,1
156,22021,203999,0022101083,"MAR 22, 2022",DEN vs. LAC,W,34,9,15,0.6,0,2,0.0,12,13,0.923,1,13,14,6,2,3,1,5,30,10,1
157,22021,203999,0022101068,"MAR 20, 2022",DEN vs. BOS,L,33,8,23,0.348,2,6,0.333,5,6,0.833,4,4,8,4,1,1,2,2,23,-21,1
158,22021,203999,0022101049,"MAR 18, 2022",DEN @ CLE,L,38,15,24,0.625,0,4,0.0,2,2,1.0,5,5,10,8,2,1,4,3,32,-16,1
159,22021,203999,0022101035,"MAR 16, 2022",DEN @ WAS,W,26,10,14,0.714,2,2,1.0,7,7,1.0,2,11,13,8,2,1,3,2,29,16,1
160,22021,203999,0022101022,"MAR 14, 2022",DEN @ PHI,W,34,8,16,0.5,1,3,0.333,5,7,0.714,1,12,13,8,2,2,5,1,22,-9,1
161,22021,203999,0022101009,"MAR 12, 2022",DEN vs. TOR,L,31,9,13,0.692,0,0,0.0,8,9,0.889,4,6,10,7,0,2,3,2,26,-4,1
162,22021,203999,0022100994,"MAR 10, 2022",DEN vs. GSW,L,32,9,21,0.429,0,8,0.0,5,6,0.833,1,11,12,9,1,1,5,4,23,-7,1
163,22021,203999,0022100991,"MAR 09, 2022",DEN @ SAC,W,35,15,24,0.625,0,2,0.0,8,9,0.889,3,15,18,7,1,2,3,4,38,6,1
164,22021,203999,0022100528,"MAR 07, 2022",DEN vs. GSW,W,35,12,17,0.706,0,0,0.0,8,14,0.571,3,12,15,13,0,1,3,3,32,14,1
165,22021,203999,0022100967,"MAR 06, 2022",DEN vs. NOP,W,43,16,22,0.727,3,5,0.6,11,12,0.917,3,9,12,11,3,4,5,3,46,22,1
166,22021,203999,0022100938,"MAR 02, 2022",DEN vs. OKC,L,33,10,17,0.588,0,4,0.0,2,2,1.0,4,12,16,4,2,0,6,2,22,-27,1
167,22021,203999,0022100918,"FEB 27, 2022",DEN @ POR,W,26,3,5,0.6,0,1,0.0,2,2,1.0,1,17,18,11,1,0,2,2,8,6,1
168,22021,203999,0022100911,"FEB 26, 2022",DEN vs. SAC,W,34,6,16,0.375,0,5,0.0,6,8,0.75,2,8,10,11,0,0,2,5,18,-5,1
169,22021,203999,0022100895,"FEB 24, 2022",DEN @ SAC,W,34,9,15,0.6,2,4,0.5,5,7,0.714,1,11,12,9,4,1,2,3,25,17,1
170,22021,203999,0022100883,"FEB 16, 2022",DEN @ GSW,W,34,13,24,0.542,3,5,0.6,6,9,0.667,5,12,17,8,1,0,5,3,35,6,1
171,22021,203999,0022100864,"FEB 14, 2022",DEN vs. ORL,W,35,10,26,0.385,3,9,0.333,3,3,1.0,5,10,15,7,1,0,5,2,26,7,1
172,22021,203999,0022100850,"FEB 12, 2022",DEN @ TOR,W,35,10,16,0.625,0,2,0.0,8,10,0.8,5,10,15,6,0,2,4,1,28,3,1
173,22021,203999,0022100842,"FEB 11, 2022",DEN @ BOS,L,34,9,20,0.45,3,10,0.3,2,4,0.5,5,11,16,11,0,2,9,2,23,3,1
174,22021,203999,0022100821,"FEB 08, 2022",DEN vs. NYK,W,30,8,14,0.571,0,3,0.0,5,7,0.714,3,8,11,7,0,0,6,2,21,1,1
175,22021,203999,0022100804,"FEB 06, 2022",DEN vs. BKN,W,30,12,15,0.8,0,2,0.0,3,4,0.75,1,11,12,10,2,1,2,1,27,27,1
176,22021,203999,0022100794,"FEB 04, 2022",DEN vs. NOP,L,35,7,10,0.7,3,3,1.0,8,8,1.0,2,10,12,9,2,0,4,4,25,-6,1
177,22021,203999,0022100770,"FEB 01, 2022",DEN @ MIN,L,30,6,12,0.5,1,4,0.25,8,9,0.889,2,14,16,8,1,0,5,3,21,-7,1
178,22021,203999,0022100756,"JAN 30, 2022",DEN @ MIL,W,28,7,9,0.778,2,4,0.5,2,2,1.0,0,10,10,15,3,1,5,1,18,24,1
179,22021,203999,0022100729,"JAN 28, 2022",DEN @ NOP,W,30,11,19,0.579,3,6,0.5,4,4,1.0,3,10,13,10,2,0,6,5,29,15,1
180,22021,203999,0022100453,"JAN 26, 2022",DEN @ BKN,W,35,8,13,0.615,2,2,1.0,8,8,1.0,2,8,10,8,1,0,2,5,26,6,1
181,22021,203999,0022100714,"JAN 25, 2022",DEN @ DET,W,34,9,20,0.45,3,8,0.375,7,7,1.0,3,18,21,9,1,0,3,2,28,14,1
182,22021,203999,0022100707,"JAN 23, 2022",DEN vs. DET,W,36,12,19,0.632,1,6,0.167,9,10,0.9,2,7,9,8,2,1,3,1,34,13,1
183,22021,203999,0022100692,"JAN 21, 2022",DEN vs. MEM,L,40,11,16,0.688,2,4,0.5,2,3,0.667,3,8,11,12,2,1,0,3,26,0,1
184,22021,203999,0022100678,"JAN 19, 2022",DEN vs. LAC,W,41,16,25,0.64,3,5,0.6,14,16,0.875,7,7,14,10,3,1,5,4,49,15,1
185,22021,203999,0022100653,"JAN 16, 2022",DEN vs. UTA,L,37,10,18,0.556,2,5,0.4,3,3,1.0,3,12,15,14,2,0,3,5,25,5,1
186,22021,203999,0022100649,"JAN 15, 2022",DEN vs. LAL,W,28,7,12,0.583,1,2,0.5,2,2,1.0,2,10,12,13,1,0,3,1,17,16,1
187,22021,203999,0022100631,"JAN 13, 2022",DEN vs. POR,W,28,8,10,0.8,1,2,0.5,3,3,1.0,0,8,8,7,0,2,3,2,20,18,1
188,22021,203999,0022100616,"JAN 11, 2022",DEN @ LAC,L,37,9,14,0.643,1,3,0.333,2,2,1.0,5,8,13,8,1,0,5,2,21,6,1
189,22021,203999,0022100601,"JAN 09, 2022",DEN @ OKC,W,33,8,21,0.381,1,3,0.333,5,5,1.0,8,10,18,6,1,0,2,0,22,10,1
190,22021,203999,0022100588,"JAN 07, 2022",DEN vs. SAC,W,34,13,20,0.65,3,6,0.5,4,8,0.5,1,9,10,7,2,2,2,3,33,0,1
191,22021,203999,0022100575,"JAN 05, 2022",DEN vs. UTA,L,37,10,17,0.588,1,3,0.333,5,6,0.833,2,19,21,11,0,2,5,2,26,-1,1
192,22021,203999,0022100558,"JAN 03, 2022",DEN @ DAL,L,35,11,18,0.611,1,4,0.25,4,4,1.0,4,12,16,3,2,0,3,3,27,-6,1
193,22021,203999,0022100543,"JAN 01, 2022",DEN @ HOU,W,25,8,12,0.667,1,2,0.5,7,9,0.778,1,10,11,3,0,1,4,4,24,7,1
194,22021,203999,0022100514,"DEC 28, 2021",DEN @ GSW,W,35,8,19,0.421,0,5,0.0,6,8,0.75,5,14,19,5,4,1,8,2,22,6,1
195,22021,203999,0022100500,"DEC 26, 2021",DEN @ LAC,W,38,9,24,0.375,1,3,0.333,7,7,1.0,6,16,22,8,2,2,4,4,26,-7,1
196,22021,203999,0022100482,"DEC 23, 2021",DEN vs. CHA,L,35,13,34,0.382,1,6,0.167,2,3,0.667,6,15,21,5,2,0,6,0,29,2,1
197,22021,203999,0022100474,"DEC 22, 2021",DEN @ OKC,L,25,5,9,0.556,1,4,0.25,2,2,1.0,0,7,7,3,0,2,3,0,13,-15,1
198,22021,203999,0022100434,"DEC 17, 2021",DEN @ ATL,W,26,8,12,0.667,1,2,0.5,3,3,1.0,2,8,10,7,3,0,3,5,20,13,1
199,22021,203999,0022100424,"DEC 15, 2021",DEN vs. MIN,L,35,11,16,0.688,2,4,0.5,3,5,0.6,2,8,10,11,1,0,4,4,27,-17,1
200,22021,203999,0022100411,"DEC 13, 2021",DEN vs. WAS,W,31,9,14,0.643,1,2,0.5,9,11,0.818,2,17,19,9,3,1,4,0,28,21,1
201,22021,203999,0022100397,"DEC 11, 2021",DEN @ SAS,W,34,15,24,0.625,4,6,0.667,1,1,1.0,2,15,17,8,1,2,5,3,35,32,1
202,22021,203999,0022100381,"DEC 09, 2021",DEN @ SAS,L,35,8,19,0.421,2,8,0.25,4,4,1.0,2,11,13,10,2,1,2,3,22,-5,1
203,22021,203999,0022100375,"DEC 08, 2021",DEN @ NOP,W,37,17,23,0.739,0,3,0.0,5,9,0.556,1,10,11,11,1,0,6,2,39,4,1
204,22021,203999,0022100357,"DEC 06, 2021",DEN @ CHI,L,36,6,17,0.353,1,5,0.2,4,6,0.667,1,11,12,15,2,0,3,2,17,7,1
205,22021,203999,0022100342,"DEC 04, 2021",DEN @ NYK,W,27,14,19,0.737,3,7,0.429,1,1,1.0,3,8,11,5,0,0,4,0,32,12,1
206,22021,203999,0022100320,"DEC 01, 2021",DEN @ ORL,L,36,7,19,0.368,0,5,0.0,4,5,0.8,1,14,15,7,1,0,5,1,18,2,1
207,22021,203999,0022100306,"NOV 29, 2021",DEN @ MIA,W,33,9,14,0.643,1,2,0.5,5,6,0.833,3,12,15,7,1,0,1,2,24,17,1
208,22021,203999,0022100228,"NOV 18, 2021",DEN vs. PHI,L,35,10,17,0.588,3,4,0.75,7,9,0.778,1,9,10,7,0,1,1,3,30,-5,1
209,22021,203999,0022100204,"NOV 15, 2021",DEN @ DAL,L,37,15,26,0.577,2,6,0.333,3,6,0.5,3,13,16,6,0,2,3,1,35,-1,1
210,22021,203999,0022100197,"NOV 14, 2021",DEN vs. POR,W,28,11,17,0.647,3,3,1.0,3,3,1.0,2,7,9,9,0,0,3,2,28,9,1
211,22021,203999,0022100182,"NOV 12, 2021",DEN vs. ATL,W,35,10,22,0.455,1,8,0.125,1,4,0.25,5,14,19,10,1,0,2,5,22,19,1
212,22021,203999,0022100151,"NOV 08, 2021",DEN vs. MIA,W,33,10,14,0.714,0,0,0.0,5,8,0.625,4,11,15,10,2,2,2,3,25,14,1
213,22021,203999,0022100133,"NOV 06, 2021",DEN vs. HOU,W,36,9,15,0.6,1,3,0.333,9,11,0.818,2,12,14,2,2,1,5,5,28,7,1
214,22021,203999,0022100114,"NOV 03, 2021",DEN @ MEM,L,35,11,20,0.55,2,5,0.4,10,10,1.0,2,9,11,5,2,0,2,3,34,-3,1
215,22021,203999,0022100100,"NOV 01, 2021",DEN @ MEM,L,33,9,15,0.6,2,6,0.333,3,4,0.75,1,6,7,7,0,4,3,2,23,0,1
216,22021,203999,0022100087,"OCT 30, 2021",DEN @ MIN,W,37,10,23,0.435,3,8,0.375,3,4,0.75,5,14,19,7,1,2,7,2,26,17,1
217,22021,203999,0022100075,"OCT 29, 2021",DEN vs. DAL,W,25,5,9,0.556,1,3,0.333,0,0,0.0,2,14,16,8,1,0,1,4,11,26,1
218,22021,203999,0022100054,"OCT 26, 2021",DEN @ UTA,L,15,8,9,0.889,3,3,1.0,5,7,0.714,1,5,6,6,0,0,1,1,24,7,1
219,22021,203999,0022100048,"OCT 25, 2021",DEN vs. CLE,L,35,9,15,0.6,1,4,0.25,5,6,0.833,3,16,19,3,3,0,6,3,24,-12,1
220,22021,203999,0022100024,"OCT 22, 2021",DEN vs. SAS,W,34,14,19,0.737,2,2,1.0,2,3,0.667,5,11,16,7,3,1,6,4,32,14,1
221,22021,203999,0022100012,"OCT 20, 2021",DEN @ PHX,W,35,13,22,0.591,1,6,0.167,0,0,0.0,2,11,13,2,2,0,3,3,27,28,1
222,22020,203999,0022001076,"MAY 16, 2021",DEN @ POR,L,17,9,17,0.529,0,3,0.0,3,3,1.0,1,2,3,2,1,0,1,3,21,-13,1
223,22020,203999,0022001054,"MAY 14, 2021",DEN @ DET,W,26,7,11,0.636,0,0,0.0,6,7,0.857,3,12,15,11,0,0,1,2,20,18,1
224,22020,203999,0022001052,"MAY 13, 2021",DEN @ MIN,W,32,14,21,0.667,0,3,0.0,3,3,1.0,6,8,14,4,1,1,2,2,31,8,1
225,22020,203999,0022000448,"MAY 11, 2021",DEN @ CHA,W,33,7,16,0.438,0,2,0.0,16,17,0.941,2,9,11,6,0,0,2,2,30,12,1
226,22020,203999,0022001015,"MAY 08, 2021",DEN vs. BKN,L,37,10,21,0.476,0,5,0.0,9,9,1.0,3,4,7,6,0,0,5,3,29,3,1
227,22020,203999,0022001008,"MAY 07, 2021",DEN @ UTA,L,35,9,11,0.818,2,2,1.0,4,4,1.0,2,7,9,13,0,1,5,5,24,-4,1
228,22020,203999,0022000995,"MAY 05, 2021",DEN vs. NYK,W,29,10,16,0.625,0,2,0.0,12,15,0.8,3,9,12,6,2,2,4,3,32,15,1
229,22020,203999,0022000982,"MAY 03, 2021",DEN @ LAL,L,36,12,28,0.429,1,4,0.25,7,8,0.875,3,6,9,5,2,1,2,4,32,3,1
230,22020,203999,0022000966,"MAY 01, 2021",DEN @ LAC,W,33,9,17,0.529,2,6,0.333,10,10,1.0,2,12,14,7,0,1,0,4,30,-3,1
231,22020,203999,0022000948,"APR 29, 2021",DEN vs. TOR,W,28,8,13,0.615,2,3,0.667,1,1,1.0,4,7,11,2,1,0,1,1,19,-4,1
232,22020,203999,0022000940,"APR 28, 2021",DEN vs. NOP,W,36,12,20,0.6,2,4,0.5,6,8,0.75,0,7,7,8,3,3,6,1,32,7,1
233,22020,203999,0022000925,"APR 26, 2021",DEN vs. MEM,W,30,6,12,0.5,2,3,0.667,10,10,1.0,1,14,15,5,2,0,6,3,24,11,1
234,22020,203999,0022000910,"APR 24, 2021",DEN vs. HOU,W,29,10,14,0.714,0,0,0.0,4,6,0.667,0,8,8,12,1,1,4,4,24,10,1
235,22020,203999,0022000903,"APR 23, 2021",DEN @ GSW,L,33,7,16,0.438,0,3,0.0,5,5,1.0,0,6,6,6,0,0,1,2,19,-18,1
236,22020,203999,0022000890,"APR 21, 2021",DEN @ POR,W,36,9,18,0.5,1,6,0.167,6,7,0.857,4,5,9,5,0,1,4,0,25,3,1
237,22020,203999,0022000874,"APR 19, 2021",DEN vs. MEM,W,45,20,31,0.645,2,6,0.333,5,6,0.833,7,8,15,8,0,1,7,3,47,3,1
238,22020,203999,0022000851,"APR 16, 2021",DEN @ HOU,W,27,10,12,0.833,1,1,1.0,8,9,0.889,6,10,16,7,2,0,0,3,29,9,1
239,22020,203999,0022000838,"APR 14, 2021",DEN vs. MIA,W,32,6,14,0.429,1,2,0.5,4,5,0.8,4,6,10,11,1,2,2,3,17,7,1
240,22020,203999,0022000821,"APR 12, 2021",DEN @ GSW,L,37,10,21,0.476,1,5,0.2,6,8,0.75,4,8,12,8,1,1,4,1,27,-14,1
241,22020,203999,0022000806,"APR 11, 2021",DEN vs. BOS,L,32,6,15,0.4,0,2,0.0,5,7,0.714,2,8,10,11,1,1,2,3,17,9,1
242,22020,203999,0022000797,"APR 09, 2021",DEN vs. SAS,W,38,9,17,0.529,2,2,1.0,6,6,1.0,5,8,13,14,1,0,6,4,26,7,1
243,22020,203999,0022000782,"APR 07, 2021",DEN vs. SAS,W,30,11,18,0.611,0,2,0.0,3,4,0.75,1,8,9,10,1,0,6,0,25,5,1
244,22020,203999,0022000321,"APR 06, 2021",DEN vs. DET,W,27,13,16,0.813,0,0,0.0,1,2,0.5,2,6,8,11,1,1,1,3,27,9,1
245,22020,203999,0022000761,"APR 04, 2021",DEN vs. ORL,W,38,5,11,0.455,0,1,0.0,7,9,0.778,2,7,9,16,1,0,4,4,17,15,1
246,22020,203999,0022000736,"APR 01, 2021",DEN @ LAC,W,36,6,16,0.375,2,3,0.667,0,0,0.0,1,6,7,7,0,1,4,3,14,13,1
247,22020,203999,0022000719,"MAR 30, 2021",DEN vs. PHI,W,34,8,14,0.571,0,1,0.0,5,6,0.833,3,7,10,5,0,0,5,1,21,8,1
248,22020,203999,0022000705,"MAR 28, 2021",DEN vs. ATL,W,28,7,12,0.583,1,2,0.5,1,2,0.5,3,7,10,8,1,2,0,0,16,20,1
249,22020,203999,0022000689,"MAR 26, 2021",DEN @ NOP,W,41,17,30,0.567,3,5,0.6,0,0,0.0,2,4,6,9,2,1,1,3,37,23,1
250,22020,203999,0022000668,"MAR 24, 2021",DEN @ TOR,L,30,8,14,0.571,0,2,0.0,4,4,1.0,4,6,10,5,1,0,4,1,20,-13,1
251,22020,203999,0022000661,"MAR 23, 2021",DEN @ ORL,W,36,11,17,0.647,2,4,0.5,4,4,1.0,4,11,15,10,2,1,3,2,28,11,1
252,22020,203999,0022000646,"MAR 21, 2021",DEN vs. NOP,L,35,13,19,0.684,3,4,0.75,0,0,0.0,3,7,10,10,1,1,5,3,29,3,1
253,22020,203999,0022000637,"MAR 19, 2021",DEN vs. CHI,W,42,14,23,0.609,2,4,0.5,4,6,0.667,5,10,15,9,2,1,1,4,34,5,1
254,22020,203999,0022000624,"MAR 17, 2021",DEN vs. CHA,W,29,6,7,0.857,0,0,0.0,0,0,0.0,2,8,10,10,0,0,3,2,12,27,1
255,22020,203999,0022000606,"MAR 15, 2021",DEN vs. IND,W,34,11,25,0.44,2,4,0.5,8,10,0.8,6,8,14,5,4,1,1,2,32,-9,1
256,22020,203999,0022000592,"MAR 13, 2021",DEN vs. DAL,L,36,10,20,0.5,1,5,0.2,5,6,0.833,2,7,9,11,0,0,4,0,26,-12,1
257,22020,203999,0022000580,"MAR 12, 2021",DEN @ MEM,W,36,13,22,0.591,1,2,0.5,1,2,0.5,2,13,15,7,2,0,1,1,28,-3,1
258,22020,203999,0022000553,"MAR 04, 2021",DEN @ IND,W,37,9,18,0.5,1,2,0.5,1,2,0.5,2,10,12,8,0,0,7,2,20,-3,1
259,22020,203999,0022000540,"MAR 02, 2021",DEN @ MIL,W,36,15,23,0.652,2,3,0.667,5,5,1.0,4,6,10,11,2,0,2,1,37,18,1
260,22020,203999,0022000531,"MAR 01, 2021",DEN @ CHI,W,38,17,28,0.607,0,3,0.0,5,5,1.0,2,12,14,9,1,2,1,4,39,12,1
261,22020,203999,0022000518,"FEB 27, 2021",DEN @ OKC,W,30,8,10,0.8,1,2,0.5,2,2,1.0,1,10,11,13,2,0,0,3,19,34,1
262,22020,203999,0022000502,"FEB 25, 2021",DEN vs. WAS,L,38,9,18,0.5,3,4,0.75,3,3,1.0,2,9,11,7,1,2,1,3,24,-2,1
263,22020,203999,0022000487,"FEB 23, 2021",DEN vs. POR,W,38,17,32,0.531,3,6,0.5,4,4,1.0,3,2,5,5,1,0,0,1,41,0,1
264,22020,203999,0022000470,"FEB 21, 2021",DEN @ ATL,L,37,5,15,0.333,2,5,0.4,3,4,0.75,2,8,10,6,3,0,4,5,15,-7,1
265,22020,203999,0022000563,"FEB 19, 2021",DEN @ CLE,W,33,5,8,0.625,1,2,0.5,5,5,1.0,2,10,12,10,4,1,3,2,16,13,1
266,22020,203999,0022000437,"FEB 17, 2021",DEN @ WAS,L,37,12,21,0.571,3,5,0.6,6,6,1.0,1,6,7,9,2,0,3,4,33,5,1
267,22020,203999,0022000427,"FEB 16, 2021",DEN @ BOS,L,38,16,23,0.696,3,5,0.6,8,8,1.0,3,3,6,5,2,1,3,3,43,2,1
268,22020,203999,0022000416,"FEB 14, 2021",DEN vs. LAL,W,35,8,17,0.471,1,5,0.2,6,6,1.0,4,12,16,10,0,1,3,2,23,16,1
269,22020,203999,0022000401,"FEB 12, 2021",DEN vs. OKC,W,37,9,16,0.563,2,7,0.286,2,2,1.0,3,10,13,9,1,1,2,4,22,5,1
270,22020,203999,0022000388,"FEB 10, 2021",DEN vs. CLE,W,30,5,7,0.714,0,0,0.0,2,2,1.0,1,5,6,12,2,0,2,3,12,32,1
271,22020,203999,0022000373,"FEB 08, 2021",DEN vs. MIL,L,39,13,26,0.5,3,6,0.5,6,6,1.0,3,9,12,6,0,0,0,3,35,-2,1
272,22020,203999,0022000352,"FEB 06, 2021",DEN @ SAC,L,41,20,33,0.606,3,6,0.5,7,7,1.0,1,7,8,12,1,3,1,2,50,2,1
273,22020,203999,0022000341,"FEB 04, 2021",DEN @ LAL,L,35,6,16,0.375,0,0,0.0,1,2,0.5,3,6,9,6,1,0,3,4,13,-8,1
274,22020,203999,0022000306,"JAN 31, 2021",DEN vs. UTA,W,37,17,26,0.654,4,4,1.0,9,10,0.9,3,9,12,5,2,1,3,2,47,14,1
275,22020,203999,0022000296,"JAN 29, 2021",DEN @ SAS,L,39,14,24,0.583,5,11,0.455,2,4,0.5,1,9,10,5,1,1,4,3,35,-9,1
276,22020,203999,0022000275,"JAN 27, 2021",DEN @ MIA,W,34,9,14,0.643,1,5,0.2,2,2,1.0,2,9,11,3,0,1,1,2,21,16,1
277,22020,203999,0022000265,"JAN 25, 2021",DEN @ DAL,W,34,8,13,0.615,0,2,0.0,4,4,1.0,3,7,10,4,2,1,6,2,20,-10,1
278,22020,203999,0022000248,"JAN 23, 2021",DEN @ PHX,W,42,9,21,0.429,0,0,0.0,11,14,0.786,7,15,22,6,1,0,6,3,29,8,1
279,22020,203999,0022000238,"JAN 22, 2021",DEN @ PHX,W,40,15,27,0.556,1,3,0.333,0,1,0.0,6,4,10,8,3,0,3,4,31,-13,1
280,22020,203999,0022000213,"JAN 19, 2021",DEN vs. OKC,W,28,12,21,0.571,0,4,0.0,3,3,1.0,5,7,12,6,1,1,1,2,27,12,1
281,22020,203999,0022000200,"JAN 17, 2021",DEN vs. UTA,L,40,14,23,0.609,3,6,0.5,4,4,1.0,8,6,14,9,2,1,6,4,35,6,1
282,22020,203999,0022000177,"JAN 14, 2021",DEN vs. GSW,W,36,8,16,0.5,0,4,0.0,7,7,1.0,1,13,14,10,3,0,3,4,23,10,1
283,22020,203999,0022000158,"JAN 12, 2021",DEN @ BKN,L,34,8,17,0.471,1,4,0.25,6,6,1.0,1,7,8,11,7,1,1,2,23,-11,1
284,22020,203999,0022000144,"JAN 10, 2021",DEN @ NYK,W,30,9,15,0.6,1,3,0.333,3,3,1.0,3,7,10,5,1,1,2,1,22,8,1
285,22020,203999,0022000133,"JAN 09, 2021",DEN @ PHI,W,29,6,8,0.75,0,0,0.0,3,3,1.0,1,8,9,12,0,0,4,2,15,24,1
286,22020,203999,0022000120,"JAN 07, 2021",DEN vs. DAL,L,41,14,31,0.452,4,10,0.4,6,10,0.6,1,10,11,4,2,0,3,4,38,-6,1
287,22020,203999,0022000104,"JAN 05, 2021",DEN vs. MIN,W,37,12,20,0.6,1,1,1.0,10,12,0.833,5,10,15,6,3,1,4,5,35,13,1
288,22020,203999,0022000088,"JAN 03, 2021",DEN @ MIN,W,32,8,12,0.667,0,1,0.0,3,3,1.0,3,9,12,12,0,0,7,5,19,27,1
289,22020,203999,0022000076,"JAN 01, 2021",DEN vs. PHX,L,30,7,13,0.538,3,5,0.6,0,0,0.0,3,6,9,11,1,0,1,5,17,1,1
290,22020,203999,0022000055,"DEC 29, 2020",DEN @ SAC,L,39,9,14,0.643,1,3,0.333,7,7,1.0,1,9,10,12,2,0,10,4,26,1,1
291,22020,203999,0022000044,"DEC 28, 2020",DEN vs. HOU,W,34,8,11,0.727,1,1,1.0,2,3,0.667,4,8,12,18,3,1,3,2,19,20,1
292,22020,203999,0022000009,"DEC 25, 2020",DEN vs. LAC,L,38,7,13,0.538,1,4,0.25,9,11,0.818,3,6,9,10,1,0,5,2,24,-20,1
293,22020,203999,0022000019,"DEC 23, 2020",DEN vs. SAC,L,42,11,18,0.611,1,2,0.5,6,9,0.667,3,12,15,14,0,2,6,3,29,5,1
294,22019,203999,0021901318,"AUG 14, 2020",DEN @ TOR,L,10,1,1,1.0,0,0,0.0,0,0,0.0,0,1,1,2,0,0,1,0,2,-6,1
295,22019,203999,0021901307,"AUG 12, 2020",DEN vs. LAC,L,28,7,11,0.636,1,4,0.25,2,4,0.5,1,6,7,13,0,0,1,1,17,5,1
296,22019,203999,0021901296,"AUG 10, 2020",DEN @ LAL,L,26,4,7,0.571,2,2,1.0,2,2,1.0,0,1,1,4,1,0,1,3,12,-5,1
297,22019,203999,0021901281,"AUG 08, 2020",DEN vs. UTA,W,42,11,21,0.524,2,6,0.333,6,6,1.0,2,9,11,7,3,0,4,5,30,9,1
298,22019,203999,0021901272,"AUG 06, 2020",DEN vs. POR,L,24,3,8,0.375,0,2,0.0,2,2,1.0,3,2,5,13,0,0,5,2,8,-1,1
299,22019,203999,0021901264,"AUG 05, 2020",DEN @ SAS,W,32,10,17,0.588,3,5,0.6,2,2,1.0,3,1,4,11,1,0,5,4,25,8,1
300,22019,203999,0021901251,"AUG 03, 2020",DEN @ OKC,W,39,10,21,0.476,0,5,0.0,10,11,0.909,2,10,12,10,2,0,4,4,30,9,1
301,22019,203999,0021901239,"AUG 01, 2020",DEN vs. MIA,L,34,7,16,0.438,1,5,0.2,4,6,0.667,0,7,7,6,1,1,3,3,19,-10,1
302,22019,203999,0021900973,"MAR 11, 2020",DEN @ DAL,L,34,7,10,0.7,0,2,0.0,0,0,0.0,2,11,13,8,0,0,5,3,14,5,1
303,22019,203999,0021900958,"MAR 09, 2020",DEN vs. MIL,W,30,4,13,0.308,1,5,0.2,1,2,0.5,0,9,9,7,1,0,2,3,10,6,1
304,22019,203999,0021900942,"MAR 07, 2020",DEN @ CLE,L,32,4,11,0.364,0,3,0.0,0,1,0.0,2,6,8,8,1,0,4,3,8,0,1
305,22019,203999,0021900926,"MAR 05, 2020",DEN @ CHA,W,30,5,10,0.5,0,2,0.0,4,4,1.0,3,8,11,8,1,1,6,5,14,2,1
306,22019,203999,0021900913,"MAR 03, 2020",DEN vs. GSW,L,32,7,15,0.467,0,1,0.0,2,2,1.0,4,9,13,7,1,2,5,2,16,-10,1
307,22019,203999,0021900898,"MAR 01, 2020",DEN vs. TOR,W,35,8,11,0.727,0,0,0.0,7,9,0.778,4,14,18,11,1,0,2,2,23,18,1
308,22019,203999,0021900886,"FEB 28, 2020",DEN @ LAC,L,25,9,13,0.692,0,2,0.0,3,4,0.75,2,7,9,2,1,0,3,1,21,-15,1
309,22019,203999,0021900860,"FEB 25, 2020",DEN vs. DET,W,28,5,8,0.625,1,1,1.0,5,5,1.0,2,3,5,4,4,0,5,4,16,-3,1
310,22019,203999,0021900844,"FEB 23, 2020",DEN vs. MIN,W,31,11,14,0.786,0,1,0.0,2,3,0.667,1,6,7,6,2,2,3,4,24,18,1
311,22019,203999,0021900831,"FEB 21, 2020",DEN @ OKC,L,34,12,15,0.8,1,2,0.5,7,7,1.0,1,6,7,5,1,1,2,1,32,-2,1
312,22019,203999,0021900817,"FEB 12, 2020",DEN vs. LAL,L,37,9,18,0.5,2,3,0.667,2,2,1.0,1,10,11,6,3,1,3,5,22,-10,1
313,22019,203999,0021900799,"FEB 10, 2020",DEN vs. SAS,W,38,6,8,0.75,0,1,0.0,7,8,0.875,3,5,8,13,0,1,5,4,19,4,1
314,22019,203999,0021900784,"FEB 08, 2020",DEN @ PHX,W,34,9,19,0.474,0,3,0.0,5,5,1.0,4,5,9,6,1,3,6,3,23,3,1
315,22019,203999,0021900762,"FEB 05, 2020",DEN @ UTA,W,40,14,24,0.583,0,2,0.0,2,4,0.5,6,15,21,10,2,0,1,2,30,10,1
316,22019,203999,0021900753,"FEB 04, 2020",DEN vs. POR,W,31,11,17,0.647,3,5,0.6,4,4,1.0,4,9,13,9,2,3,4,1,29,23,1
317,22019,203999,0021900737,"FEB 02, 2020",DEN @ DET,L,40,16,23,0.696,1,3,0.333,6,7,0.857,0,10,10,11,3,2,2,4,39,13,1
318,22019,203999,0021900724,"JAN 31, 2020",DEN @ MIL,W,33,7,17,0.412,1,3,0.333,0,0,0.0,0,10,10,9,1,0,3,4,15,-9,1
319,22019,203999,0021900718,"JAN 30, 2020",DEN vs. UTA,W,35,11,19,0.579,1,2,0.5,5,6,0.833,0,4,4,10,3,0,3,4,28,-4,1
320,22019,203999,0021900704,"JAN 28, 2020",DEN @ MEM,L,39,8,16,0.5,3,6,0.5,6,6,1.0,3,10,13,5,0,1,8,3,25,-9,1
321,22019,203999,0021900685,"JAN 26, 2020",DEN vs. HOU,W,38,9,18,0.5,0,2,0.0,6,7,0.857,2,10,12,11,2,0,6,4,24,0,1
322,22019,203999,0021900676,"JAN 24, 2020",DEN @ NOP,W,35,9,20,0.45,1,6,0.167,8,8,1.0,7,5,12,7,4,1,2,3,27,7,1
323,22019,203999,0021900662,"JAN 22, 2020",DEN @ HOU,L,34,8,19,0.421,0,1,0.0,3,6,0.5,4,8,12,10,1,1,6,2,19,-9,1
324,22019,203999,0021900649,"JAN 20, 2020",DEN @ MIN,W,34,7,15,0.467,0,3,0.0,3,4,0.75,5,8,13,5,1,0,5,4,17,-6,1
325,22019,203999,0021900638,"JAN 19, 2020",DEN vs. IND,L,32,10,16,0.625,2,4,0.5,8,12,0.667,1,9,10,4,3,0,1,4,30,-2,1
326,22019,203999,0021900617,"JAN 16, 2020",DEN @ GSW,W,44,10,20,0.5,0,3,0.0,3,3,1.0,2,10,12,8,0,2,9,4,23,18,1
327,22019,203999,0021900610,"JAN 15, 2020",DEN vs. CHA,W,29,5,9,0.556,0,1,0.0,2,2,1.0,1,7,8,8,1,2,4,3,12,3,1
328,22019,203999,0021900589,"JAN 12, 2020",DEN vs. LAC,W,31,6,14,0.429,3,4,0.75,5,6,0.833,2,13,15,6,1,0,2,5,20,5,1
329,22019,203999,0021900582,"JAN 11, 2020",DEN vs. CLE,L,34,8,12,0.667,2,5,0.4,1,1,1.0,3,9,12,5,0,0,1,2,19,-2,1
330,22019,203999,0021900559,"JAN 08, 2020",DEN @ DAL,W,31,12,20,0.6,4,6,0.667,5,8,0.625,2,4,6,7,1,1,3,1,33,-3,1
331,22019,203999,0021900543,"JAN 06, 2020",DEN @ ATL,W,37,16,25,0.64,4,8,0.5,11,16,0.688,4,4,8,5,2,1,0,3,47,0,1
332,22019,203999,0021900528,"JAN 04, 2020",DEN @ WAS,L,30,4,10,0.4,1,3,0.333,5,7,0.714,2,8,10,4,1,0,2,0,14,0,1
333,22019,203999,0021900509,"JAN 02, 2020",DEN @ IND,W,24,7,15,0.467,0,3,0.0,8,8,1.0,3,4,7,0,0,0,2,5,22,-9,1
334,22019,203999,0021900501,"DEC 31, 2019",DEN @ HOU,L,32,10,17,0.588,0,1,0.0,1,1,1.0,2,6,8,4,0,0,6,2,21,-5,1
335,22019,203999,0021900489,"DEC 29, 2019",DEN vs. SAC,W,27,7,8,0.875,0,0,0.0,3,4,0.75,4,4,8,4,1,0,4,3,17,8,1
336,22019,203999,0021900472,"DEC 28, 2019",DEN vs. MEM,W,33,12,19,0.632,2,5,0.4,5,7,0.714,2,8,10,10,1,0,1,6,31,23,1
337,22019,203999,0021900459,"DEC 25, 2019",DEN vs. NOP,L,31,8,20,0.4,2,5,0.4,5,6,0.833,4,6,10,4,2,0,5,3,23,-13,1
338,22019,203999,0021900451,"DEC 23, 2019",DEN @ PHX,W,31,6,13,0.462,4,7,0.571,6,6,1.0,1,11,12,10,1,0,2,4,22,25,1
339,22019,203999,0021900443,"DEC 22, 2019",DEN @ LAL,W,27,5,8,0.625,1,1,1.0,7,7,1.0,3,3,6,5,1,1,1,3,18,12,1
340,22019,203999,0021900427,"DEC 20, 2019",DEN vs. MIN,W,33,10,16,0.625,2,4,0.5,0,0,0.0,3,7,10,10,0,2,2,4,22,12,1
341,22019,203999,0021900414,"DEC 18, 2019",DEN vs. ORL,W,31,7,14,0.5,2,4,0.5,2,2,1.0,3,6,9,12,1,1,4,2,18,9,1
342,22019,203999,0021900392,"DEC 15, 2019",DEN vs. NYK,W,36,10,22,0.455,2,5,0.4,3,4,0.75,3,7,10,5,1,1,2,1,25,4,1
343,22019,203999,0021900387,"DEC 14, 2019",DEN vs. OKC,W,35,11,14,0.786,3,6,0.5,3,4,0.75,1,13,14,12,1,0,3,2,28,15,1
344,22019,203999,0021900370,"DEC 12, 2019",DEN vs. POR,W,31,7,14,0.5,2,5,0.4,4,6,0.667,4,7,11,6,0,0,1,2,20,3,1
345,22019,203999,0021900353,"DEC 10, 2019",DEN @ PHI,L,33,7,13,0.538,1,4,0.25,0,0,0.0,0,7,7,11,0,1,2,2,15,8,1
346,22019,203999,0021900335,"DEC 08, 2019",DEN @ BKN,L,34,10,21,0.476,2,6,0.333,2,2,1.0,2,9,11,6,0,0,3,3,24,-10,1
347,22019,203999,0021900323,"DEC 06, 2019",DEN @ BOS,L,31,13,21,0.619,1,5,0.2,3,3,1.0,4,6,10,4,1,2,1,3,30,0,1
348,22019,203999,0021900317,"DEC 05, 2019",DEN @ NYK,W,25,3,7,0.429,0,1,0.0,0,0,0.0,1,9,10,8,0,1,0,2,6,10,1
349,22019,203999,0021900304,"DEC 03, 2019",DEN vs. LAL,L,34,4,12,0.333,0,2,0.0,5,6,0.833,1,4,5,8,3,0,5,4,13,-6,1
350,22019,203999,0021900280,"NOV 30, 2019",DEN @ SAC,L,36,3,11,0.273,0,3,0.0,1,2,0.5,3,7,10,6,0,1,4,3,7,-3,1
351,22019,203999,0021900252,"NOV 26, 2019",DEN vs. WAS,W,25,4,8,0.5,0,0,0.0,0,0,0.0,2,18,20,5,0,0,3,3,8,10,1
352,22019,203999,0021900238,"NOV 24, 2019",DEN vs. PHX,W,32,4,9,0.444,0,1,0.0,0,0,0.0,4,9,13,5,2,0,1,2,8,8,1
353,22019,203999,0021900222,"NOV 22, 2019",DEN vs. BOS,W,35,7,17,0.412,0,4,0.0,4,4,1.0,3,13,16,10,3,1,3,2,18,10,1
354,22019,203999,0021900211,"NOV 20, 2019",DEN vs. HOU,W,32,12,19,0.632,2,4,0.5,1,1,1.0,5,7,12,4,0,0,7,5,27,7,1
355,22019,203999,0021900186,"NOV 17, 2019",DEN @ MEM,W,26,4,7,0.571,1,3,0.333,0,0,0.0,0,5,5,8,0,0,2,3,9,22,1
356,22019,203999,0021900166,"NOV 14, 2019",DEN vs. BKN,W,28,8,14,0.571,2,5,0.4,0,0,0.0,2,8,10,3,0,0,0,4,18,-2,1
357,22019,203999,0021900150,"NOV 12, 2019",DEN vs. ATL,L,31,7,19,0.368,1,8,0.125,5,6,0.833,1,5,6,7,3,0,2,2,20,-2,1
358,22019,203999,0021900132,"NOV 10, 2019",DEN @ MIN,W,36,9,23,0.391,1,7,0.143,1,3,0.333,3,3,6,7,1,1,0,4,20,-2,1
359,22019,203999,0021900123,"NOV 08, 2019",DEN vs. PHI,W,38,10,22,0.455,2,9,0.222,4,5,0.8,2,8,10,6,2,2,1,4,26,18,1
360,22019,203999,0021900102,"NOV 05, 2019",DEN vs. MIA,W,23,4,12,0.333,1,4,0.25,0,1,0.0,0,5,5,5,1,1,4,4,9,11,1
361,22019,203999,0021900079,"NOV 02, 2019",DEN @ ORL,W,31,7,14,0.5,3,7,0.429,3,4,0.75,0,7,7,4,0,0,1,2,20,14,1
362,22019,203999,0021900067,"OCT 31, 2019",DEN @ NOP,L,27,5,6,0.833,0,1,0.0,3,3,1.0,0,6,6,6,1,0,2,3,13,-16,1
363,22019,203999,0021900053,"OCT 29, 2019",DEN vs. DAL,L,33,4,8,0.5,0,1,0.0,2,2,1.0,2,8,10,10,3,0,4,3,10,15,1
364,22019,203999,0021900050,"OCT 28, 2019",DEN @ SAC,W,28,4,15,0.267,0,5,0.0,1,1,1.0,3,10,13,2,2,1,2,4,9,-3,1
365,22019,203999,0021900023,"OCT 25, 2019",DEN vs. PHX,W,41,8,18,0.444,0,2,0.0,7,9,0.778,3,11,14,12,1,2,5,4,23,8,1
366,22019,203999,0021900013,"OCT 23, 2019",DEN @ POR,W,24,8,14,0.571,3,5,0.6,1,2,0.5,4,9,13,2,0,0,4,4,20,14,1
367,22018,203999,0021801228,"APR 10, 2019",DEN vs. MIN,W,37,13,26,0.5,1,7,0.143,2,2,1.0,3,11,14,2,3,0,4,4,29,16,1
368,22018,203999,0021801217,"APR 09, 2019",DEN @ UTA,L,16,1,6,0.167,0,0,0.0,0,2,0.0,2,3,5,2,1,1,1,6,2,-15,1
369,22018,203999,0021801190,"APR 05, 2019",DEN vs. POR,W,37,9,15,0.6,1,4,0.25,3,4,0.75,3,10,13,9,2,1,2,3,22,6,1
370,22018,203999,0021801173,"APR 03, 2019",DEN vs. SAS,W,29,9,10,0.9,0,1,0.0,2,3,0.667,0,11,11,9,0,0,5,3,20,18,1
371,22018,203999,0021801164,"APR 02, 2019",DEN @ GSW,L,28,4,10,0.4,0,3,0.0,2,3,0.667,2,3,5,6,4,0,6,1,10,-10,1
372,22018,203999,0021801148,"MAR 31, 2019",DEN vs. WAS,L,30,11,15,0.733,0,2,0.0,1,3,0.333,2,12,14,4,2,1,2,3,23,1,1
373,22018,203999,0021801133,"MAR 29, 2019",DEN @ OKC,W,34,10,16,0.625,1,3,0.333,2,2,1.0,2,14,16,3,1,0,2,3,23,7,1
374,22018,203999,0021801126,"MAR 28, 2019",DEN @ HOU,L,25,7,14,0.5,0,0,0.0,2,2,1.0,3,5,8,6,0,2,2,3,16,-1,1
375,22018,203999,0021801115,"MAR 26, 2019",DEN vs. DET,W,33,10,24,0.417,0,5,0.0,3,5,0.6,3,12,15,2,0,0,3,3,23,-9,1
376,22018,203999,0021801097,"MAR 24, 2019",DEN @ IND,L,30,8,16,0.5,1,3,0.333,2,2,1.0,3,8,11,8,1,4,1,2,19,-19,1
377,22018,203999,0021801082,"MAR 22, 2019",DEN @ NYK,W,28,8,20,0.4,1,3,0.333,4,6,0.667,4,13,17,5,0,0,1,3,21,17,1
378,22018,203999,0021801075,"MAR 21, 2019",DEN @ WAS,W,35,6,12,0.5,2,4,0.5,1,1,1.0,3,3,6,11,0,0,1,1,15,-10,1
379,22018,203999,0021801052,"MAR 18, 2019",DEN @ BOS,W,36,9,14,0.643,3,7,0.429,0,0,0.0,2,11,13,7,2,3,3,2,21,15,1
380,22018,203999,0021801040,"MAR 16, 2019",DEN vs. IND,W,34,11,21,0.524,2,7,0.286,2,2,1.0,3,4,7,5,0,0,4,3,26,5,1
381,22018,203999,0021801025,"MAR 14, 2019",DEN vs. DAL,W,30,4,9,0.444,0,2,0.0,3,4,0.75,2,12,14,8,0,1,2,1,11,-12,1
382,22018,203999,0021801012,"MAR 12, 2019",DEN vs. MIN,W,26,9,14,0.643,0,0,0.0,0,0,0.0,4,4,8,7,0,1,4,4,18,2,1
383,22018,203999,0021800984,"MAR 08, 2019",DEN @ GSW,L,29,5,10,0.5,1,1,1.0,5,8,0.625,3,3,6,4,4,1,2,2,16,-29,1
384,22018,203999,0021800974,"MAR 06, 2019",DEN @ LAL,W,35,3,5,0.6,0,1,0.0,6,8,0.75,4,13,17,8,3,0,2,1,12,16,1
385,22018,203999,0021800954,"MAR 04, 2019",DEN @ SAS,L,38,10,14,0.714,2,2,1.0,0,0,0.0,4,6,10,6,0,0,3,2,22,10,1
386,22018,203999,0021800941,"MAR 02, 2019",DEN vs. NOP,L,22,7,11,0.636,1,2,0.5,5,6,0.833,4,5,9,7,2,2,2,4,20,6,1
387,22018,203999,0021800926,"FEB 28, 2019",DEN vs. UTA,L,32,5,15,0.333,0,1,0.0,6,7,0.857,6,7,13,7,0,0,5,5,16,2,1
388,22018,203999,0021800910,"FEB 26, 2019",DEN vs. OKC,W,35,11,25,0.44,4,7,0.571,10,13,0.769,1,8,9,10,0,1,2,2,36,22,1
389,22018,203999,0021800895,"FEB 24, 2019",DEN vs. LAC,W,28,9,16,0.563,0,2,0.0,4,6,0.667,3,13,16,3,3,1,6,5,22,14,1
390,22018,203999,0021800880,"FEB 22, 2019",DEN @ DAL,W,30,7,16,0.438,1,2,0.5,4,4,1.0,5,8,13,8,1,0,4,4,19,3,1
391,22018,203999,0021800860,"FEB 13, 2019",DEN vs. SAC,W,36,7,17,0.412,0,2,0.0,6,6,1.0,4,14,18,11,1,0,4,1,20,2,1
392,22018,203999,0021800847,"FEB 11, 2019",DEN vs. MIA,W,36,7,16,0.438,3,3,1.0,6,7,0.857,0,12,12,4,0,0,7,3,23,16,1
393,22018,203999,0021800818,"FEB 08, 2019",DEN @ PHI,L,35,11,22,0.5,1,5,0.2,4,4,1.0,2,8,10,10,3,0,4,2,27,2,1
394,22018,203999,0021800804,"FEB 06, 2019",DEN @ BKN,L,34,8,13,0.615,1,3,0.333,8,10,0.8,2,12,14,10,1,1,2,3,25,5,1
395,22018,203999,0021800790,"FEB 04, 2019",DEN @ DET,L,26,7,17,0.412,0,3,0.0,2,3,0.667,1,2,3,4,3,0,3,4,16,-16,1
396,22018,203999,0021800783,"FEB 02, 2019",DEN @ MIN,W,29,4,13,0.308,0,2,0.0,5,8,0.625,8,8,16,10,0,0,5,4,13,-1,1
397,22018,203999,0021800774,"FEB 01, 2019",DEN vs. HOU,W,31,12,15,0.8,1,2,0.5,6,6,1.0,4,9,13,9,1,0,2,4,31,14,1
398,22018,203999,0021800761,"JAN 30, 2019",DEN @ NOP,W,37,9,16,0.563,0,2,0.0,2,2,1.0,1,12,13,10,3,2,2,2,20,17,1
399,22018,203999,0021800747,"JAN 28, 2019",DEN @ MEM,W,35,10,20,0.5,1,8,0.125,3,3,1.0,1,4,5,3,4,0,4,3,24,5,1
400,22018,203999,0021800733,"JAN 26, 2019",DEN vs. PHI,W,34,12,22,0.545,2,3,0.667,6,7,0.857,6,12,18,10,1,0,1,1,32,16,1
401,22018,203999,0021800715,"JAN 23, 2019",DEN @ UTA,L,37,10,21,0.476,1,7,0.143,7,7,1.0,3,18,21,6,2,1,3,5,28,-11,1
402,22018,203999,0021800687,"JAN 19, 2019",DEN vs. CLE,W,28,8,12,0.667,3,6,0.5,0,1,0.0,3,8,11,12,1,0,1,3,19,21,1
403,22018,203999,0021800669,"JAN 17, 2019",DEN vs. CHI,W,25,6,18,0.333,0,3,0.0,6,6,1.0,4,4,8,11,1,1,2,3,18,26,1
404,22018,203999,0021800655,"JAN 15, 2019",DEN vs. GSW,L,23,6,12,0.5,0,1,0.0,5,5,1.0,1,3,4,8,0,0,3,3,17,-21,1
405,22018,203999,0021800643,"JAN 13, 2019",DEN vs. POR,W,37,15,23,0.652,4,7,0.571,6,8,0.75,1,9,10,8,0,0,3,4,40,17,1
406,22018,203999,0021800635,"JAN 12, 2019",DEN @ PHX,L,34,8,15,0.533,1,4,0.25,6,7,0.857,1,9,10,4,0,1,2,0,23,8,1
407,22018,203999,0021800618,"JAN 10, 2019",DEN vs. LAC,W,28,8,19,0.421,0,5,0.0,2,3,0.667,5,9,14,10,0,2,1,3,18,6,1
408,22018,203999,0021800601,"JAN 08, 2019",DEN @ MIA,W,40,11,21,0.524,1,2,0.5,6,6,1.0,3,8,11,10,1,0,3,3,29,9,1
409,22018,203999,0021800593,"JAN 07, 2019",DEN @ HOU,L,28,11,20,0.55,1,1,1.0,1,1,1.0,5,8,13,4,2,1,8,2,24,-22,1
410,22018,203999,0021800576,"JAN 05, 2019",DEN vs. CHA,W,34,16,29,0.552,3,9,0.333,4,5,0.8,8,4,12,6,3,1,2,1,39,8,1
411,22018,203999,0021800564,"JAN 03, 2019",DEN @ SAC,W,32,10,18,0.556,3,8,0.375,3,4,0.75,3,10,13,6,1,1,5,1,26,12,1
412,22018,203999,0021800551,"JAN 01, 2019",DEN vs. NYK,W,34,8,16,0.5,1,2,0.5,2,3,0.667,6,8,14,15,1,3,5,3,19,6,1
413,22018,203999,0021800533,"DEC 29, 2018",DEN @ PHX,W,38,8,11,0.727,0,2,0.0,7,8,0.875,1,7,8,9,3,1,4,3,23,12,1
414,22018,203999,0021800524,"DEC 28, 2018",DEN vs. SAS,W,37,10,14,0.714,1,4,0.25,0,0,0.0,0,9,9,9,0,0,6,6,21,3,1
415,22018,203999,0021800510,"DEC 26, 2018",DEN @ SAS,L,31,1,5,0.2,1,1,1.0,1,2,0.5,2,2,4,10,2,0,5,1,4,-9,1
416,22018,203999,0021800479,"DEC 22, 2018",DEN @ LAC,L,21,7,15,0.467,2,2,1.0,3,3,1.0,2,4,6,3,0,1,4,2,19,-16,1
417,22018,203999,0021800454,"DEC 18, 2018",DEN vs. DAL,W,35,13,25,0.52,2,6,0.333,4,4,1.0,6,10,16,4,3,1,5,4,32,15,1
418,22018,203999,0021800442,"DEC 16, 2018",DEN vs. TOR,W,35,11,19,0.579,0,1,0.0,4,5,0.8,4,6,10,4,2,0,3,0,26,1,1
419,22018,203999,0021800426,"DEC 14, 2018",DEN vs. OKC,W,36,8,16,0.5,2,4,0.5,6,6,1.0,3,12,15,9,3,0,6,3,24,10,1
420,22018,203999,0021800398,"DEC 10, 2018",DEN vs. MEM,W,38,9,14,0.643,1,2,0.5,8,9,0.889,3,9,12,6,2,0,3,3,27,6,1
421,22018,203999,0021800380,"DEC 08, 2018",DEN @ ATL,L,33,9,17,0.529,0,2,0.0,6,7,0.857,4,7,11,7,2,0,1,1,24,-6,1
422,22018,203999,0021800368,"DEC 07, 2018",DEN @ CHA,L,33,6,18,0.333,0,6,0.0,4,5,0.8,4,7,11,6,1,2,4,5,16,8,1
423,22018,203999,0021800356,"DEC 05, 2018",DEN @ ORL,W,35,5,13,0.385,1,3,0.333,1,2,0.5,0,8,8,13,1,0,1,3,12,10,1
424,22018,203999,0021800347,"DEC 03, 2018",DEN @ TOR,W,36,8,13,0.615,0,1,0.0,7,8,0.875,4,7,11,15,2,0,2,1,23,14,1
425,22018,203999,0021800329,"NOV 30, 2018",DEN @ POR,W,32,7,12,0.583,0,2,0.0,1,1,1.0,3,3,6,7,1,1,1,3,15,2,1
426,22018,203999,0021800304,"NOV 27, 2018",DEN vs. LAL,W,23,5,14,0.357,2,4,0.5,2,2,1.0,0,7,7,7,1,1,3,1,14,14,1
427,22018,203999,0021800282,"NOV 24, 2018",DEN @ OKC,W,27,6,20,0.3,0,7,0.0,4,5,0.8,2,4,6,5,0,1,4,4,16,15,1
428,22018,203999,0021800276,"NOV 23, 2018",DEN vs. ORL,W,23,2,7,0.286,0,3,0.0,2,2,1.0,3,7,10,11,2,0,0,4,6,7,1
429,22018,203999,0021800260,"NOV 21, 2018",DEN @ MIN,W,37,3,13,0.231,1,5,0.2,0,0,0.0,2,10,12,10,1,0,3,4,7,4,1
430,22018,203999,0021800245,"NOV 19, 2018",DEN @ MIL,L,33,8,18,0.444,3,8,0.375,1,1,1.0,3,2,5,5,1,0,3,1,20,-16,1
431,22018,203999,0021800228,"NOV 17, 2018",DEN @ NOP,L,34,10,20,0.5,2,8,0.25,3,4,0.75,3,7,10,8,1,0,1,2,25,-11,1
432,22018,203999,0021800214,"NOV 15, 2018",DEN vs. ATL,W,25,5,11,0.455,1,2,0.5,1,2,0.5,1,8,9,7,4,1,2,3,12,37,1
433,22018,203999,0021800200,"NOV 13, 2018",DEN vs. HOU,L,33,6,14,0.429,0,1,0.0,2,3,0.667,4,8,12,7,2,0,3,3,14,-14,1
434,22018,203999,0021800187,"NOV 11, 2018",DEN vs. MIL,L,29,7,14,0.5,4,8,0.5,2,2,1.0,1,5,6,6,1,1,3,1,20,-17,1
435,22018,203999,0021800171,"NOV 09, 2018",DEN vs. BKN,L,33,14,22,0.636,1,1,1.0,8,10,0.8,7,14,21,3,1,2,6,5,37,5,1
436,22018,203999,0021800158,"NOV 07, 2018",DEN @ MEM,L,26,0,1,0.0,0,1,0.0,4,4,1.0,1,6,7,4,3,0,6,5,4,0,1
437,22018,203999,0021800145,"NOV 05, 2018",DEN vs. BOS,W,27,2,3,0.667,0,0,0.0,4,6,0.667,2,8,10,8,0,0,3,4,8,-4,1
438,22018,203999,0021800131,"NOV 03, 2018",DEN vs. UTA,W,29,3,9,0.333,0,3,0.0,1,2,0.5,3,7,10,16,1,0,4,2,7,8,1
439,22018,203999,0021800112,"NOV 01, 2018",DEN @ CLE,W,22,2,5,0.4,0,1,0.0,0,0,0.0,1,5,6,3,1,1,2,2,4,9,1
440,22018,203999,0021800106,"OCT 31, 2018",DEN @ CHI,W,33,9,20,0.45,3,6,0.5,1,1,1.0,5,7,12,9,2,3,6,2,22,4,1
441,22018,203999,0021800095,"OCT 29, 2018",DEN vs. NOP,W,29,3,8,0.375,2,4,0.5,4,4,1.0,1,8,9,10,0,2,0,4,12,5,1
442,22018,203999,0021800066,"OCT 25, 2018",DEN @ LAL,L,33,9,17,0.529,1,5,0.2,5,5,1.0,3,8,11,3,1,1,6,5,24,-5,1
443,22018,203999,0021800051,"OCT 23, 2018",DEN vs. SAC,W,23,6,11,0.545,1,2,0.5,1,1,1.0,2,10,12,6,1,0,3,4,14,18,1
444,22018,203999,0021800038,"OCT 21, 2018",DEN vs. GSW,W,32,7,14,0.5,0,1,0.0,9,12,0.75,3,8,11,6,0,0,2,2,23,-4,1
445,22018,203999,0021800033,"OCT 20, 2018",DEN vs. PHX,W,31,11,11,1.0,3,3,1.0,10,11,0.909,0,11,11,11,4,1,0,3,35,29,1
446,22018,203999,0021800012,"OCT 17, 2018",DEN @ LAC,W,34,6,13,0.462,1,4,0.25,8,10,0.8,2,6,8,5,1,2,2,4,21,8,1
447,22017,203999,0021701225,"APR 11, 2018",DEN @ MIN,L,46,14,25,0.56,4,7,0.571,3,4,0.75,2,8,10,3,1,0,3,4,35,7,1
448,22017,203999,0021701211,"APR 09, 2018",DEN vs. POR,W,38,5,14,0.357,1,4,0.25,4,4,1.0,2,18,20,11,2,1,2,2,15,18,2
449,22017,203999,0021701191,"APR 07, 2018",DEN @ LAC,W,34,9,14,0.643,1,2,0.5,4,5,0.8,2,9,11,11,2,1,2,2,23,11,1
450,22017,203999,0021701180,"APR 05, 2018",DEN vs. MIN,W,36,6,20,0.3,1,6,0.167,3,3,1.0,3,11,14,9,1,1,2,5,16,1,1
451,22017,203999,0021701165,"APR 03, 2018",DEN vs. IND,W,38,11,17,0.647,4,6,0.667,4,6,0.667,1,5,6,7,4,1,4,3,30,9,1
452,22017,203999,0021701152,"APR 01, 2018",DEN vs. MIL,W,44,14,24,0.583,2,5,0.4,5,5,1.0,1,12,13,5,0,3,4,4,35,5,1
453,22017,203999,0021701133,"MAR 30, 2018",DEN @ OKC,W,41,11,22,0.5,1,6,0.167,0,0,0.0,1,15,16,6,1,2,4,3,23,11,1
454,22017,203999,0021701109,"MAR 27, 2018",DEN @ TOR,L,40,11,21,0.524,3,7,0.429,4,4,1.0,6,10,16,8,2,1,3,2,29,4,1
455,22017,203999,0021701105,"MAR 26, 2018",DEN @ PHI,L,31,4,14,0.286,1,2,0.5,5,6,0.833,3,4,7,4,1,1,2,4,14,-6,1
456,22017,203999,0021701079,"MAR 23, 2018",DEN @ WAS,W,37,10,21,0.476,3,6,0.5,2,2,1.0,0,8,8,5,0,1,2,2,25,12,1
457,22017,203999,0021701069,"MAR 21, 2018",DEN @ CHI,W,24,9,11,0.818,2,2,1.0,1,1,1.0,2,5,7,5,0,0,1,1,21,18,1
458,22017,203999,0021701054,"MAR 19, 2018",DEN @ MIA,L,48,12,22,0.545,4,5,0.8,6,6,1.0,5,10,15,3,1,0,5,5,34,1,1
459,22017,203999,0021701040,"MAR 17, 2018",DEN @ MEM,L,35,5,15,0.333,1,4,0.25,6,8,0.75,5,8,13,2,3,2,1,3,17,-1,1
460,22017,203999,0021701026,"MAR 15, 2018",DEN vs. DET,W,38,8,15,0.533,2,5,0.4,5,6,0.833,2,10,12,10,3,3,2,5,23,15,1
461,22017,203999,0021701015,"MAR 13, 2018",DEN @ LAL,L,27,5,8,0.625,2,5,0.4,3,3,1.0,1,8,9,5,1,0,4,3,15,5,1
462,22017,203999,0021700996,"MAR 11, 2018",DEN vs. SAC,W,30,8,10,0.8,4,4,1.0,0,0,0.0,0,11,11,10,2,1,2,1,20,33,1
463,22017,203999,0021700983,"MAR 09, 2018",DEN vs. LAL,W,33,8,14,0.571,1,3,0.333,4,4,1.0,3,3,6,6,2,0,3,2,21,13,1
464,22017,203999,0021700970,"MAR 07, 2018",DEN vs. CLE,L,33,12,14,0.857,2,3,0.667,10,11,0.909,4,9,13,6,0,0,5,2,36,1,1
465,22017,203999,0021700961,"MAR 06, 2018",DEN @ DAL,L,26,2,9,0.222,0,4,0.0,0,1,0.0,1,8,9,5,2,1,1,0,4,-8,1
466,22017,203999,0021700937,"MAR 03, 2018",DEN @ CLE,W,32,3,8,0.375,1,2,0.5,2,3,0.667,1,6,7,8,0,1,2,2,9,12,1
467,22017,203999,0021700931,"MAR 02, 2018",DEN @ MEM,W,33,2,5,0.4,0,1,0.0,5,7,0.714,1,8,9,5,1,0,5,5,9,6,1
468,22017,203999,0021700912,"FEB 27, 2018",DEN vs. LAC,L,28,4,5,0.8,2,3,0.667,8,8,1.0,0,6,6,4,1,1,5,4,18,6,1
469,22017,203999,0021700896,"FEB 25, 2018",DEN vs. HOU,L,31,7,18,0.389,0,1,0.0,7,9,0.778,7,7,14,8,1,1,3,4,21,-9,1
470,22017,203999,0021700880,"FEB 23, 2018",DEN vs. SAS,W,34,10,16,0.625,3,5,0.6,5,7,0.714,4,7,11,11,0,0,3,6,28,9,1
471,22017,203999,0021700865,"FEB 15, 2018",DEN @ MIL,W,34,11,14,0.786,3,3,1.0,5,5,1.0,4,11,15,17,1,2,8,5,30,11,1
472,22017,203999,0021700852,"FEB 13, 2018",DEN vs. SAS,W,33,8,15,0.533,2,5,0.4,5,6,0.833,5,8,13,11,0,1,1,0,23,11,1
473,22017,203999,0021700832,"FEB 10, 2018",DEN @ PHX,W,27,5,12,0.417,1,2,0.5,10,11,0.909,1,8,9,8,1,1,2,3,21,5,1
474,22017,203999,0021700823,"FEB 09, 2018",DEN @ HOU,L,22,6,8,0.75,1,1,1.0,1,2,0.5,1,6,7,5,2,1,1,4,14,-24,1
475,22017,203999,0021700794,"FEB 05, 2018",DEN vs. CHA,W,32,5,11,0.455,2,4,0.5,3,3,1.0,3,13,16,7,2,0,3,3,15,15,1
476,22017,203999,0021700782,"FEB 03, 2018",DEN vs. GSW,W,33,7,16,0.438,2,3,0.667,3,3,1.0,3,6,9,5,2,0,4,2,19,0,1
477,22017,203999,0021700765,"FEB 01, 2018",DEN vs. OKC,W,37,11,18,0.611,2,5,0.4,5,6,0.833,3,10,13,14,1,2,2,3,29,5,1
478,22017,203999,0021700750,"JAN 30, 2018",DEN @ SAS,L,34,6,11,0.545,1,2,0.5,0,0,0.0,2,5,7,8,0,0,5,3,13,-8,1
479,22017,203999,0021700743,"JAN 29, 2018",DEN vs. BOS,L,35,8,17,0.471,2,5,0.4,6,7,0.857,4,7,11,5,0,0,2,2,24,10,1
480,22017,203999,0021700730,"JAN 27, 2018",DEN vs. DAL,W,40,5,13,0.385,1,6,0.167,0,1,0.0,1,15,16,11,0,2,3,3,11,9,1
481,22017,203999,0021700712,"JAN 25, 2018",DEN vs. NYK,W,35,5,9,0.556,1,2,0.5,7,9,0.778,1,6,7,10,0,0,1,4,18,12,1
482,22017,203999,0021700694,"JAN 22, 2018",DEN vs. POR,W,33,5,17,0.294,2,5,0.4,4,7,0.571,4,8,12,5,1,1,3,4,16,9,1
483,22017,203999,0021700671,"JAN 19, 2018",DEN vs. PHX,L,35,5,12,0.417,2,3,0.667,2,2,1.0,3,14,17,5,0,0,6,4,14,-1,1
484,22017,203999,0021700662,"JAN 17, 2018",DEN @ LAC,L,34,7,18,0.389,1,8,0.125,3,4,0.75,1,7,8,2,1,2,1,4,18,-10,1
485,22017,203999,0021700651,"JAN 16, 2018",DEN vs. DAL,W,33,11,23,0.478,0,2,0.0,7,10,0.7,9,9,18,7,2,1,5,5,29,-2,2
486,22017,203999,0021700633,"JAN 13, 2018",DEN @ SAS,L,30,8,13,0.615,3,6,0.5,4,4,1.0,3,6,9,7,2,0,2,2,23,-18,1
487,22017,203999,0021700625,"JAN 12, 2018",DEN vs. MEM,W,28,3,8,0.375,1,3,0.333,7,8,0.875,2,5,7,3,0,0,1,3,14,8,1
488,22017,203999,0021700612,"JAN 10, 2018",DEN vs. ATL,L,32,4,21,0.19,0,8,0.0,1,2,0.5,6,6,12,7,2,3,2,3,9,-14,1
489,22017,203999,0021700597,"JAN 08, 2018",DEN @ GSW,L,36,9,16,0.563,1,1,1.0,3,3,1.0,4,8,12,11,3,1,6,3,22,2,1
490,22017,203999,0021700585,"JAN 06, 2018",DEN @ SAC,L,34,3,10,0.3,0,4,0.0,2,2,1.0,1,6,7,10,0,0,5,3,8,-13,1
491,22017,203999,0021700574,"JAN 05, 2018",DEN vs. UTA,W,32,3,13,0.231,1,4,0.25,1,2,0.5,2,8,10,4,1,0,2,3,8,6,1
492,22017,203999,0021700563,"JAN 03, 2018",DEN vs. PHX,W,36,4,6,0.667,1,1,1.0,5,5,1.0,1,8,9,8,2,0,6,3,14,24,1
493,22017,203999,0021700536,"DEC 30, 2017",DEN vs. PHI,L,37,5,14,0.357,1,5,0.2,8,9,0.889,5,8,13,6,1,3,2,0,19,14,1
494,22017,203999,0021700510,"DEC 27, 2017",DEN @ MIN,L,41,5,11,0.455,1,3,0.333,11,12,0.917,1,8,9,4,2,1,2,3,22,1,1
495,22017,203999,0021700503,"DEC 26, 2017",DEN vs. UTA,W,26,4,10,0.4,1,3,0.333,4,4,1.0,2,5,7,5,1,0,1,5,13,11,1
496,22017,203999,0021700489,"DEC 23, 2017",DEN @ GSW,W,37,9,16,0.563,0,3,0.0,0,0,0.0,3,6,9,4,1,1,2,0,18,17,1
497,22017,203999,0021700478,"DEC 22, 2017",DEN @ POR,W,37,12,21,0.571,2,6,0.333,1,1,1.0,3,6,9,6,0,2,4,4,27,29,1
498,22017,203999,0021700462,"DEC 20, 2017",DEN vs. MIN,L,36,6,12,0.5,2,6,0.333,8,9,0.889,0,6,6,4,0,2,10,3,22,-1,2
499,22017,203999,0021700447,"DEC 18, 2017",DEN @ OKC,L,25,5,9,0.556,0,2,0.0,3,4,0.75,2,7,9,2,2,0,1,2,13,3,1
500,22017,203999,0021700427,"DEC 15, 2017",DEN vs. NOP,W,22,6,13,0.462,1,2,0.5,0,0,0.0,3,8,11,4,0,0,1,2,13,-4,2
501,22017,203999,0021700315,"NOV 30, 2017",DEN vs. CHI,W,16,3,6,0.5,0,0,0.0,2,2,1.0,2,2,4,4,0,0,0,1,8,-6,1
502,22017,203999,0021700301,"NOV 28, 2017",DEN @ UTA,L,26,3,7,0.429,1,3,0.333,0,0,0.0,0,6,6,6,1,1,2,1,7,-20,1
503,22017,203999,0021700274,"NOV 24, 2017",DEN vs. MEM,W,36,11,17,0.647,2,5,0.4,4,6,0.667,5,8,13,8,2,0,5,4,28,17,2
504,22017,203999,0021700259,"NOV 22, 2017",DEN @ HOU,L,26,7,14,0.5,1,2,0.5,2,3,0.667,2,4,6,3,2,1,2,2,17,-12,2
505,22017,203999,0021700251,"NOV 20, 2017",DEN @ SAC,W,35,7,12,0.583,2,6,0.333,0,0,0.0,4,10,14,3,1,1,2,0,16,24,1
506,22017,203999,0021700240,"NOV 19, 2017",DEN @ LAL,L,12,1,5,0.2,0,0,0.0,4,4,1.0,4,2,6,1,1,0,2,2,6,-16,1
507,22017,203999,0021700226,"NOV 17, 2017",DEN vs. NOP,W,27,3,5,0.6,1,2,0.5,6,6,1.0,3,8,11,6,0,1,2,3,13,23,1
508,22017,203999,0021700198,"NOV 13, 2017",DEN @ POR,L,35,2,9,0.222,1,4,0.25,1,2,0.5,0,7,7,3,3,1,3,2,6,0,1
509,22017,203999,0021700185,"NOV 11, 2017",DEN vs. ORL,W,38,3,8,0.375,1,1,1.0,5,6,0.833,5,12,17,9,4,1,1,2,12,25,1
510,22017,203999,0021700168,"NOV 09, 2017",DEN vs. OKC,W,28,7,16,0.438,1,5,0.2,0,0,0.0,3,8,11,3,1,0,3,4,15,5,1
511,22017,203999,0021700155,"NOV 07, 2017",DEN vs. BKN,W,31,16,25,0.64,4,9,0.444,5,6,0.833,2,10,12,5,2,2,1,6,41,25,1
512,22017,203999,0021700135,"NOV 04, 2017",DEN vs. GSW,L,20,2,6,0.333,0,0,0.0,4,4,1.0,1,6,7,3,2,0,1,1,8,-16,1
513,22017,203999,0021700127,"NOV 03, 2017",DEN vs. MIA,W,34,8,15,0.533,2,6,0.333,1,1,1.0,5,9,14,2,4,1,1,4,19,-5,1
514,22017,203999,0021700114,"NOV 01, 2017",DEN vs. TOR,W,31,4,10,0.4,0,3,0.0,0,0,0.0,3,13,16,10,1,2,0,2,8,20,2
515,22017,203999,0021700094,"OCT 30, 2017",DEN @ NYK,L,30,9,15,0.6,6,10,0.6,4,6,0.667,3,5,8,2,1,1,2,1,28,5,1
516,22017,203999,0021700087,"OCT 29, 2017",DEN @ BKN,W,29,9,16,0.563,1,3,0.333,2,2,1.0,1,13,14,4,1,1,1,3,21,7,1
517,22017,203999,0021700072,"OCT 27, 2017",DEN @ ATL,W,34,8,16,0.5,0,1,0.0,2,2,1.0,4,11,15,5,1,0,2,0,18,8,1
518,22017,203999,0021700055,"OCT 25, 2017",DEN @ CHA,L,30,8,12,0.667,1,1,1.0,1,1,1.0,6,6,12,0,0,0,2,3,18,-19,1
519,22017,203999,0021700047,"OCT 23, 2017",DEN vs. WAS,L,35,9,14,0.643,3,3,1.0,8,8,1.0,2,7,9,5,1,0,7,4,29,-1,1
520,22017,203999,0021700035,"OCT 21, 2017",DEN vs. SAC,W,30,0,3,0.0,0,1,0.0,0,0,0.0,0,9,9,7,1,0,3,4,0,21,1
521,22017,203999,0021700010,"OCT 18, 2017",DEN @ UTA,L,36,3,10,0.3,1,4,0.25,0,0,0.0,0,12,12,7,0,0,4,1,7,-9,1
522,22016,203999,0021601225,"APR 12, 2017",DEN @ OKC,W,40,9,14,0.643,0,0,0.0,11,14,0.786,2,14,16,8,1,5,4,4,29,9,1
523,22016,203999,0021601214,"APR 11, 2017",DEN @ DAL,W,20,3,6,0.5,1,3,0.333,0,0,0.0,1,7,8,4,0,0,1,2,7,-7,1
524,22016,203999,0021601198,"APR 09, 2017",DEN vs. OKC,L,31,8,16,0.5,1,5,0.2,6,6,1.0,1,5,6,3,1,1,3,5,23,-3,1
525,22016,203999,0021601184,"APR 07, 2017",DEN vs. NOP,W,29,9,13,0.692,2,2,1.0,3,4,0.75,3,9,12,5,2,0,7,1,23,18,1
526,22016,203999,0021601168,"APR 05, 2017",DEN @ HOU,L,34,6,17,0.353,0,5,0.0,0,0,0.0,3,16,19,9,5,1,2,3,12,8,1
527,22016,203999,0021601158,"APR 04, 2017",DEN @ NOP,W,34,10,18,0.556,0,2,0.0,1,2,0.5,4,8,12,4,0,0,1,2,21,-8,1
528,22016,203999,0021601149,"APR 02, 2017",DEN @ MIA,W,35,9,16,0.563,0,2,0.0,1,1,1.0,1,9,10,7,2,0,1,2,19,16,1
529,22016,203999,0021601127,"MAR 31, 2017",DEN @ CHA,L,37,11,16,0.688,2,3,0.667,2,3,0.667,3,10,13,10,0,0,2,4,26,3,1
530,22016,203999,0021601109,"MAR 28, 2017",DEN @ POR,L,36,7,14,0.5,1,6,0.167,2,2,1.0,3,5,8,8,0,2,3,4,17,-8,1
531,22016,203999,0021601095,"MAR 26, 2017",DEN vs. NOP,L,18,4,14,0.286,0,3,0.0,0,0,0.0,3,10,13,2,0,0,0,3,8,-6,1
532,22016,203999,0021601075,"MAR 24, 2017",DEN @ IND,W,34,12,18,0.667,1,2,0.5,5,5,1.0,4,12,16,5,1,0,4,2,30,9,1
533,22016,203999,0021601064,"MAR 22, 2017",DEN vs. CLE,W,29,8,10,0.8,0,0,0.0,0,0,0.0,2,8,10,7,0,0,3,2,16,5,1
534,22016,203999,0021601048,"MAR 20, 2017",DEN @ HOU,L,40,7,14,0.5,0,3,0.0,8,8,1.0,1,12,13,8,0,1,5,3,22,-9,1
535,22016,203999,0021601034,"MAR 18, 2017",DEN vs. HOU,L,22,7,14,0.5,1,2,0.5,1,1,1.0,2,3,5,4,0,1,3,5,16,6,1
536,22016,203999,0021601018,"MAR 16, 2017",DEN vs. LAC,W,30,7,12,0.583,0,1,0.0,3,3,1.0,3,11,14,10,0,0,2,2,17,7,1
537,22016,203999,0021600998,"MAR 13, 2017",DEN vs. LAL,W,24,8,13,0.615,0,3,0.0,2,2,1.0,1,8,9,4,1,0,1,2,18,16,1
538,22016,203999,0021600984,"MAR 11, 2017",DEN @ SAC,W,30,7,12,0.583,1,3,0.333,5,5,1.0,3,11,14,2,2,0,2,1,20,14,1
539,22016,203999,0021600970,"MAR 10, 2017",DEN vs. BOS,W,27,8,10,0.8,1,2,0.5,4,6,0.667,3,7,10,7,4,1,7,4,21,8,1
540,22016,203999,0021600923,"MAR 04, 2017",DEN vs. CHA,L,33,13,15,0.867,0,0,0.0,5,8,0.625,3,11,14,4,1,0,4,1,31,-1,1
541,22016,203999,0021600899,"MAR 01, 2017",DEN @ MIL,W,30,6,10,0.6,0,0,0.0,1,2,0.5,4,10,14,10,1,0,3,1,13,17,1
542,22016,203999,0021600891,"FEB 28, 2017",DEN @ CHI,W,33,6,10,0.6,3,3,1.0,4,4,1.0,2,14,16,10,0,1,3,1,19,19,1
543,22016,203999,0021600876,"FEB 26, 2017",DEN vs. MEM,L,33,5,11,0.455,0,2,0.0,0,0,0.0,2,9,11,6,1,1,2,3,10,4,1
544,22016,203999,0021600864,"FEB 24, 2017",DEN vs. BKN,W,15,1,1,1.0,0,0,0.0,0,0,0.0,3,2,5,7,1,1,4,4,2,6,1
545,22016,203999,0021600855,"FEB 23, 2017",DEN @ SAC,L,26,2,7,0.286,0,2,0.0,0,0,0.0,2,9,11,2,0,0,1,3,4,5,1
546,22016,203999,0021600842,"FEB 15, 2017",DEN vs. MIN,L,34,6,19,0.316,2,5,0.4,1,2,0.5,4,10,14,4,1,3,2,5,15,1,1
547,22016,203999,0021600827,"FEB 13, 2017",DEN vs. GSW,W,36,7,13,0.538,0,0,0.0,3,4,0.75,6,15,21,12,2,0,6,3,17,33,1
548,22016,203999,0021600811,"FEB 11, 2017",DEN @ CLE,L,38,9,18,0.5,1,2,0.5,8,10,0.8,6,7,13,4,0,2,5,2,27,-10,1
549,22016,203999,0021600800,"FEB 10, 2017",DEN @ NYK,W,37,17,23,0.739,2,3,0.667,4,5,0.8,4,5,9,5,2,0,2,2,40,19,1
550,22016,203999,0021600785,"FEB 08, 2017",DEN @ ATL,L,34,8,17,0.471,2,3,0.667,0,0,0.0,9,6,15,3,0,0,0,4,18,-12,1
551,22016,203999,0021600776,"FEB 06, 2017",DEN vs. DAL,W,24,5,9,0.556,0,1,0.0,3,3,1.0,1,3,4,9,1,0,2,5,13,18,1
552,22016,203999,0021600762,"FEB 04, 2017",DEN @ SAS,L,15,5,9,0.556,1,2,0.5,0,0,0.0,1,0,1,2,0,0,5,3,11,-14,1
553,22016,203999,0021600752,"FEB 03, 2017",DEN vs. MIL,W,32,8,15,0.533,2,4,0.5,2,2,1.0,6,6,12,11,1,0,2,0,20,8,2
554,22016,203999,0021600692,"JAN 26, 2017",DEN vs. PHX,W,36,12,21,0.571,0,2,0.0,5,6,0.833,8,6,14,8,1,2,3,2,29,21,1
555,22016,203999,0021600678,"JAN 24, 2017",DEN vs. UTA,W,35,9,15,0.6,0,4,0.0,5,5,1.0,0,11,11,6,2,3,4,3,23,3,1
556,22016,203999,0021600664,"JAN 22, 2017",DEN @ MIN,L,27,8,15,0.533,0,3,0.0,2,2,1.0,5,4,9,4,2,2,4,5,18,-7,1
557,22016,203999,0021600658,"JAN 21, 2017",DEN vs. LAC,W,21,8,11,0.727,2,3,0.667,1,1,1.0,3,7,10,3,0,0,3,3,19,20,1
558,22016,203999,0021600639,"JAN 19, 2017",DEN @ SAS,L,38,14,22,0.636,2,4,0.5,5,5,1.0,4,8,12,4,0,2,3,2,35,-17,1
559,22016,203999,0021600626,"JAN 17, 2017",DEN @ LAL,W,34,12,22,0.545,1,5,0.2,4,6,0.667,7,8,15,1,0,3,2,3,29,21,1
560,22016,203999,0021600617,"JAN 16, 2017",DEN vs. ORL,W,36,13,19,0.684,1,2,0.5,3,5,0.6,3,8,11,5,3,1,2,2,30,18,1
561,22016,203999,0021600589,"JAN 12, 2017",DEN vs. IND,W,30,7,11,0.636,2,3,0.667,6,6,1.0,3,7,10,8,1,1,3,1,22,29,1
562,22016,203999,0021600543,"JAN 05, 2017",DEN vs. SAS,L,27,8,10,0.8,0,0,0.0,3,4,0.75,5,6,11,5,1,0,3,2,19,-9,1
563,22016,203999,0021600526,"JAN 03, 2017",DEN vs. SAC,L,28,7,11,0.636,1,2,0.5,3,3,1.0,1,5,6,5,1,1,1,3,18,-20,1
564,22016,203999,0021600520,"JAN 02, 2017",DEN @ GSW,L,25,8,17,0.471,1,2,0.5,4,4,1.0,8,5,13,5,1,0,2,2,21,-5,1
565,22016,203999,0021600500,"DEC 30, 2016",DEN vs. PHI,L,22,9,13,0.692,0,0,0.0,7,9,0.778,2,5,7,4,0,0,2,5,25,-1,1
566,22016,203999,0021600483,"DEC 28, 2016",DEN vs. MIN,W,34,6,12,0.5,0,2,0.0,4,5,0.8,2,6,8,11,0,1,2,3,16,-3,1
567,22016,203999,0021600470,"DEC 26, 2016",DEN @ LAC,W,32,11,16,0.688,2,3,0.667,0,1,0.0,2,8,10,4,3,0,2,4,24,17,1
568,22016,203999,0021600451,"DEC 23, 2016",DEN vs. ATL,L,19,3,4,0.75,1,1,1.0,1,2,0.5,1,6,7,6,0,3,5,6,8,5,1
569,22016,203999,0021600426,"DEC 20, 2016",DEN @ LAC,L,21,4,7,0.571,0,2,0.0,1,2,0.5,2,4,6,1,0,0,2,3,9,-21,1
570,22016,203999,0021600417,"DEC 19, 2016",DEN vs. DAL,W,38,13,17,0.765,1,1,1.0,0,0,0.0,3,14,17,9,1,0,3,1,27,20,1
571,22016,203999,0021600404,"DEC 17, 2016",DEN vs. NYK,W,20,5,8,0.625,0,0,0.0,0,0,0.0,2,7,9,5,0,0,1,5,10,6,1
572,22016,203999,0021600386,"DEC 15, 2016",DEN vs. POR,W,19,5,6,0.833,1,1,1.0,2,3,0.667,0,4,4,5,0,0,1,5,13,15,1
573,22016,203999,0021600365,"DEC 12, 2016",DEN @ DAL,L,26,10,12,0.833,0,0,0.0,7,7,1.0,7,4,11,4,1,1,1,1,27,2,1
574,22016,203999,0021600347,"DEC 10, 2016",DEN @ ORL,W,26,6,11,0.545,0,3,0.0,2,2,1.0,1,5,6,6,1,2,1,3,14,22,1
575,22016,203999,0021600332,"DEC 08, 2016",DEN @ WAS,L,28,6,10,0.6,0,0,0.0,5,7,0.714,7,4,11,1,0,1,4,1,17,-20,1
576,22016,203999,0021600323,"DEC 07, 2016",DEN @ BKN,L,21,5,7,0.714,0,0,0.0,4,4,1.0,7,3,10,3,0,1,1,3,14,18,1
577,22016,203999,0021600273,"NOV 30, 2016",DEN vs. MIA,L,24,7,11,0.636,0,0,0.0,3,4,0.75,3,11,14,3,1,0,1,3,17,1,1
578,22016,203999,0021600246,"NOV 27, 2016",DEN @ PHX,W,31,3,8,0.375,1,2,0.5,6,6,1.0,3,8,11,3,0,1,1,2,13,11,1
579,22016,203999,0021600235,"NOV 25, 2016",DEN vs. OKC,L,29,3,7,0.429,1,2,0.5,0,0,0.0,3,3,6,5,0,2,3,5,7,-6,1
580,22016,203999,0021600221,"NOV 23, 2016",DEN @ UTA,L,23,4,6,0.667,0,0,0.0,1,2,0.5,1,4,5,6,0,0,0,4,9,-3,1
581,22016,203999,0021600210,"NOV 22, 2016",DEN vs. CHI,W,18,3,5,0.6,0,0,0.0,2,2,1.0,3,5,8,3,1,1,0,1,8,13,1
582,22016,203999,0021600197,"NOV 20, 2016",DEN vs. UTA,W,21,5,8,0.625,1,1,1.0,1,2,0.5,2,4,6,4,0,1,0,3,12,11,1
583,22016,203999,0021600181,"NOV 18, 2016",DEN vs. TOR,L,27,4,8,0.5,0,2,0.0,0,0,0.0,2,10,12,4,0,2,3,3,8,3,1
584,22016,203999,0021600166,"NOV 16, 2016",DEN vs. PHX,W,19,3,4,0.75,0,0,0.0,4,5,0.8,0,2,2,2,0,0,1,3,10,-1,1
585,22016,203999,0021600144,"NOV 13, 2016",DEN @ POR,L,26,0,3,0.0,0,0,0.0,0,0,0.0,0,5,5,3,1,1,2,5,0,11,1
586,22016,203999,0021600138,"NOV 12, 2016",DEN vs. DET,L,20,2,7,0.286,0,0,0.0,2,2,1.0,2,1,3,1,1,0,1,1,6,-6,1
587,22016,203999,0021600119,"NOV 10, 2016",DEN vs. GSW,L,18,1,5,0.2,0,3,0.0,2,2,1.0,1,2,3,2,1,0,0,3,4,-21,1
588,22016,203999,0021600102,"NOV 08, 2016",DEN @ MEM,L,28,4,10,0.4,1,3,0.333,3,4,0.75,1,4,5,2,2,0,0,4,12,5,1
589,22016,203999,0021600091,"NOV 06, 2016",DEN @ BOS,W,22,4,5,0.8,0,1,0.0,1,1,1.0,0,5,5,2,1,1,1,2,9,6,1
590,22016,203999,0021600082,"NOV 05, 2016",DEN @ DET,L,23,3,9,0.333,0,0,0.0,0,0,0.0,2,4,6,0,1,1,1,3,6,-14,1
591,22016,203999,0021600067,"NOV 03, 2016",DEN @ MIN,W,14,3,3,1.0,0,0,0.0,2,4,0.5,1,2,3,5,0,0,1,3,8,7,1
592,22016,203999,0021600042,"OCT 31, 2016",DEN @ TOR,L,22,6,9,0.667,0,1,0.0,0,0,0.0,2,2,4,1,0,0,4,4,12,-9,1
593,22016,203999,0021600033,"OCT 29, 2016",DEN vs. POR,L,34,10,20,0.5,1,5,0.2,2,3,0.667,6,11,17,2,4,1,1,5,23,-1,1
594,22016,203999,0021600010,"OCT 26, 2016",DEN @ NOP,W,21,2,5,0.4,1,2,0.5,0,0,0.0,1,6,7,2,0,0,4,4,5,5,1
595,22015,203999,0021501230,"APR 13, 2016",DEN @ POR,L,35,7,10,0.7,1,2,0.5,3,3,1.0,6,7,13,5,0,0,2,3,18,4,1
596,22015,203999,0021501198,"APR 10, 2016",DEN vs. UTA,L,36,7,9,0.778,0,2,0.0,5,6,0.833,3,8,11,4,2,1,1,4,19,-16,1
597,22015,203999,0021501186,"APR 08, 2016",DEN vs. SAS,W,32,3,9,0.333,0,2,0.0,2,2,1.0,3,12,15,4,1,1,0,2,8,24,1
598,22015,203999,0021501160,"APR 05, 2016",DEN vs. OKC,L,19,3,5,0.6,1,3,0.333,0,0,0.0,0,2,2,2,0,2,0,2,7,-9,1
599,22015,203999,0021501141,"APR 02, 2016",DEN vs. SAC,L,32,2,6,0.333,0,1,0.0,2,2,1.0,4,9,13,5,1,2,0,2,6,-1,1
600,22015,203999,0021501125,"MAR 31, 2016",DEN @ NOP,L,23,4,7,0.571,1,3,0.333,0,0,0.0,2,6,8,3,1,1,1,1,9,-8,1
601,22015,203999,0021501114,"MAR 30, 2016",DEN @ MEM,W,29,4,6,0.667,1,1,1.0,0,0,0.0,5,9,14,1,0,1,1,5,9,3,1
602,22015,203999,0021501103,"MAR 28, 2016",DEN vs. DAL,L,24,1,7,0.143,0,2,0.0,0,0,0.0,0,8,8,2,2,0,3,2,2,10,1
603,22015,203999,0021501092,"MAR 27, 2016",DEN @ LAC,L,21,2,7,0.286,0,1,0.0,1,2,0.5,3,6,9,2,1,0,0,1,5,-18,1
604,22015,203999,0021501081,"MAR 25, 2016",DEN @ LAL,W,22,4,9,0.444,0,2,0.0,0,0,0.0,2,10,12,4,0,0,1,3,8,-2,1
605,22015,203999,0021501064,"MAR 23, 2016",DEN vs. PHI,W,27,5,6,0.833,0,0,0.0,8,12,0.667,1,7,8,5,1,0,1,1,18,9,1
606,22015,203999,0021501044,"MAR 21, 2016",DEN @ CLE,L,23,4,12,0.333,0,1,0.0,3,3,1.0,1,3,4,3,3,0,2,2,11,-24,1
607,22015,203999,0021501028,"MAR 19, 2016",DEN @ CHA,W,25,5,16,0.313,1,2,0.5,0,0,0.0,6,8,14,4,0,1,1,6,11,6,1
608,22015,203999,0021501015,"MAR 17, 2016",DEN @ ATL,L,22,4,7,0.571,0,1,0.0,0,0,0.0,1,4,5,2,1,1,1,2,8,-25,1
609,22015,203999,0021500998,"MAR 15, 2016",DEN @ ORL,L,25,5,8,0.625,1,1,1.0,3,3,1.0,3,3,6,4,1,1,2,3,14,-5,1
610,22015,203999,0021500990,"MAR 14, 2016",DEN @ MIA,L,28,5,10,0.5,1,2,0.5,1,2,0.5,3,5,8,4,2,1,1,2,12,4,1
611,22015,203999,0021500980,"MAR 12, 2016",DEN vs. WAS,W,17,0,0,0.0,0,0,0.0,0,0,0.0,0,5,5,3,0,0,2,4,0,-4,1
612,22015,203999,0021500961,"MAR 10, 2016",DEN vs. PHX,W,27,6,8,0.75,1,2,0.5,5,5,1.0,2,8,10,4,2,3,0,4,18,20,1
613,22015,203999,0021500946,"MAR 08, 2016",DEN vs. NYK,W,34,9,20,0.45,0,1,0.0,2,4,0.5,3,6,9,3,1,1,1,0,20,10,1
614,22015,203999,0021500933,"MAR 06, 2016",DEN vs. DAL,W,21,4,11,0.364,0,2,0.0,5,5,1.0,2,10,12,3,2,1,3,4,13,9,1
615,22015,203999,0021500920,"MAR 04, 2016",DEN vs. BKN,L,34,6,14,0.429,0,2,0.0,3,3,1.0,2,10,12,4,1,1,2,5,15,-1,1
616,22015,203999,0021500906,"MAR 02, 2016",DEN vs. LAL,W,28,3,8,0.375,1,2,0.5,7,8,0.875,1,5,6,3,0,2,1,5,14,17,1
617,22015,203999,0021500888,"FEB 29, 2016",DEN vs. MEM,L,19,3,4,0.75,0,0,0.0,4,4,1.0,0,6,6,3,1,1,3,2,10,-2,1
618,22015,203999,0021500866,"FEB 26, 2016",DEN @ DAL,L,11,2,4,0.5,0,0,0.0,1,2,0.5,3,1,4,2,0,0,1,3,5,4,1
619,22015,203999,0021500853,"FEB 24, 2016",DEN @ LAC,W,26,3,9,0.333,1,4,0.25,0,0,0.0,4,7,11,3,1,1,3,2,7,8,1
620,22015,203999,0021500842,"FEB 23, 2016",DEN vs. SAC,L,20,4,8,0.5,1,2,0.5,4,4,1.0,4,9,13,6,2,0,2,5,13,-5,1
621,22015,203999,0021500825,"FEB 21, 2016",DEN vs. BOS,L,30,10,15,0.667,1,2,0.5,2,2,1.0,3,10,13,4,2,0,4,4,23,-11,1
622,22015,203999,0021500816,"FEB 19, 2016",DEN @ SAC,L,4,0,0,0.0,0,0,0.0,0,0,0.0,0,1,1,0,0,0,1,4,0,-3,1
623,22015,203999,0021500794,"FEB 10, 2016",DEN @ DET,W,25,2,7,0.286,0,1,0.0,1,1,1.0,0,6,6,2,1,0,1,0,5,5,1
624,22015,203999,0021500778,"FEB 08, 2016",DEN @ BKN,L,14,1,5,0.2,0,1,0.0,0,0,0.0,1,2,3,0,1,0,1,2,2,-10,1
625,22015,203999,0021500770,"FEB 07, 2016",DEN @ NYK,W,19,4,9,0.444,1,1,1.0,4,4,1.0,3,3,6,0,1,0,1,3,13,-4,1
626,22015,203999,0021500757,"FEB 05, 2016",DEN vs. CHI,W,26,6,14,0.429,2,2,1.0,2,2,1.0,4,8,12,3,0,2,1,6,16,5,1
627,22015,203999,0021500743,"FEB 03, 2016",DEN @ UTA,L,29,3,9,0.333,1,2,0.5,1,2,0.5,3,3,6,4,2,0,0,5,8,-3,1
628,22015,203999,0021500727,"FEB 01, 2016",DEN vs. TOR,W,30,12,18,0.667,1,3,0.333,2,4,0.5,3,11,14,4,0,1,2,3,27,12,1
629,22015,203999,0021500709,"JAN 30, 2016",DEN @ IND,L,35,7,15,0.467,1,2,0.5,1,1,1.0,3,8,11,2,5,0,3,4,16,11,1
630,22015,203999,0021500693,"JAN 28, 2016",DEN @ WAS,W,25,7,12,0.583,0,1,0.0,1,3,0.333,5,5,10,3,1,1,0,5,15,6,1
631,22015,203999,0021500685,"JAN 27, 2016",DEN @ BOS,L,19,1,6,0.167,0,0,0.0,1,2,0.5,3,4,7,4,1,1,3,2,3,-7,1
632,22015,203999,0021500672,"JAN 25, 2016",DEN vs. ATL,L,18,5,7,0.714,0,1,0.0,5,6,0.833,3,7,10,3,2,1,0,2,15,12,1
633,22015,203999,0021500661,"JAN 23, 2016",DEN vs. DET,W,32,7,11,0.636,1,1,1.0,2,2,1.0,1,4,5,3,2,3,0,3,17,6,1
634,22015,203999,0021500642,"JAN 21, 2016",DEN vs. MEM,L,14,2,3,0.667,0,0,0.0,5,5,1.0,1,1,2,2,2,0,0,3,9,-1,1
635,22015,203999,0021500627,"JAN 19, 2016",DEN vs. OKC,L,19,2,4,0.5,0,1,0.0,2,2,1.0,1,2,3,1,1,0,1,2,6,3,1
636,22015,203999,0021500613,"JAN 17, 2016",DEN vs. IND,W,24,6,11,0.545,1,3,0.333,5,6,0.833,2,0,2,3,4,0,1,2,18,4,1
637,22015,203999,0021500600,"JAN 15, 2016",DEN vs. MIA,L,18,4,7,0.571,0,0,0.0,1,1,1.0,2,4,6,5,0,1,1,2,9,3,1
638,22015,203999,0021500583,"JAN 13, 2016",DEN vs. GSW,W,16,3,6,0.5,0,1,0.0,0,0,0.0,3,4,7,2,3,0,1,4,6,13,1
639,22015,203999,0021500563,"JAN 10, 2016",DEN vs. CHA,W,23,2,4,0.5,0,1,0.0,0,0,0.0,0,7,7,9,0,1,1,1,4,4,1
640,22015,203999,0021500542,"JAN 08, 2016",DEN @ MEM,L,19,4,4,1.0,1,1,1.0,0,0,0.0,3,2,5,1,0,0,1,2,9,4,1
641,22015,203999,0021500530,"JAN 06, 2016",DEN @ MIN,W,26,2,5,0.4,0,1,0.0,0,0,0.0,2,3,5,3,0,0,2,1,4,-7,1
642,22015,203999,0021500509,"JAN 03, 2016",DEN vs. POR,L,22,3,7,0.429,0,1,0.0,3,4,0.75,4,6,10,2,2,1,2,5,9,0,1
643,22015,203999,0021500504,"JAN 02, 2016",DEN @ GSW,L,5,0,0,0.0,0,0,0.0,0,0,0.0,0,1,1,1,0,0,2,2,0,-18,1
644,22015,203999,0021500482,"DEC 30, 2015",DEN @ POR,L,18,3,6,0.5,0,0,0.0,4,4,1.0,3,3,6,1,0,2,2,0,10,0,1
645,22015,203999,0021500473,"DEC 29, 2015",DEN vs. CLE,L,22,4,11,0.364,0,0,0.0,2,3,0.667,2,5,7,1,1,1,2,6,10,4,1
646,22015,203999,0021500456,"DEC 27, 2015",DEN @ OKC,L,17,3,7,0.429,1,1,1.0,0,0,0.0,1,2,3,2,1,0,2,4,7,4,1
647,22015,203999,0021500450,"DEC 26, 2015",DEN @ SAS,L,26,10,19,0.526,1,2,0.5,1,2,0.5,5,2,7,5,1,1,3,4,22,7,1
648,22015,203999,0021500433,"DEC 23, 2015",DEN @ PHX,W,22,5,7,0.714,1,2,0.5,2,2,1.0,5,4,9,2,1,0,2,3,13,18,1
649,22015,203999,0021500422,"DEC 22, 2015",DEN vs. LAL,L,30,5,7,0.714,0,0,0.0,5,6,0.833,6,4,10,5,0,0,3,1,15,3,1
650,22015,203999,0021500409,"DEC 20, 2015",DEN vs. NOP,L,23,6,8,0.75,0,1,0.0,1,2,0.5,1,2,3,2,0,1,0,2,13,11,1
651,22015,203999,0021500395,"DEC 18, 2015",DEN @ UTA,L,21,1,5,0.2,0,2,0.0,5,6,0.833,3,7,10,0,1,0,2,3,7,-5,1
652,22015,203999,0021500368,"DEC 15, 2015",DEN @ MIN,W,21,3,4,0.75,0,0,0.0,0,0,0.0,2,1,3,2,2,2,2,3,6,12,1
653,22015,203999,0021500365,"DEC 14, 2015",DEN vs. HOU,W,22,3,3,1.0,0,0,0.0,3,3,1.0,0,7,7,1,1,0,1,1,9,24,1
654,22015,203999,0021500340,"DEC 11, 2015",DEN vs. MIN,W,25,5,10,0.5,1,2,0.5,8,8,1.0,3,3,6,4,1,0,2,5,19,9,1
655,22015,203999,0021500317,"DEC 08, 2015",DEN vs. ORL,L,17,2,6,0.333,0,0,0.0,0,0,0.0,1,3,4,1,0,0,0,1,4,2,1
656,22015,203999,0021500278,"DEC 03, 2015",DEN @ TOR,W,14,4,7,0.571,0,0,0.0,0,0,0.0,1,5,6,0,0,0,0,0,8,3,1
657,22015,203999,0021500273,"DEC 02, 2015",DEN @ CHI,L,10,3,6,0.5,1,1,1.0,0,0,0.0,0,3,3,0,0,1,0,1,7,-1,1
658,22015,203999,0021500258,"NOV 30, 2015",DEN @ MIL,L,25,4,7,0.571,0,1,0.0,0,2,0.0,1,5,6,2,0,2,1,1,8,-14,1
659,22015,203999,0021500241,"NOV 28, 2015",DEN @ DAL,L,19,2,3,0.667,1,1,1.0,3,4,0.75,2,4,6,0,1,0,3,3,8,-7,1
660,22015,203999,0021500235,"NOV 27, 2015",DEN vs. SAS,L,12,3,4,0.75,0,0,0.0,0,0,0.0,1,1,2,0,0,0,3,4,6,5,1
661,22015,203999,0021500212,"NOV 24, 2015",DEN vs. LAC,L,24,7,13,0.538,0,1,0.0,2,3,0.667,1,5,6,2,0,0,1,5,16,-4,1
662,22015,203999,0021500200,"NOV 22, 2015",DEN vs. GSW,L,27,3,7,0.429,0,0,0.0,5,7,0.714,4,7,11,2,2,1,1,0,11,-12,1
663,22015,203999,0021500185,"NOV 20, 2015",DEN vs. PHX,L,18,2,6,0.333,0,1,0.0,2,2,1.0,2,2,4,1,1,0,0,3,6,-9,1
664,22015,203999,0021500172,"NOV 18, 2015",DEN @ SAS,L,32,8,13,0.615,1,1,1.0,6,6,1.0,6,6,12,0,2,3,0,2,23,-2,1
665,22015,203999,0021500163,"NOV 17, 2015",DEN @ NOP,W,1,0,0,0.0,0,0,0.0,0,0,0.0,1,0,1,0,0,0,0,0,0,0,1
666,22015,203999,0021500143,"NOV 14, 2015",DEN @ PHX,L,18,2,3,0.667,0,0,0.0,0,0,0.0,2,4,6,0,3,0,0,3,4,2,1
667,22015,203999,0021500136,"NOV 13, 2015",DEN vs. HOU,W,6,1,3,0.333,0,1,0.0,1,2,0.5,2,3,5,0,0,0,1,2,3,5,1
668,22015,203999,0021500121,"NOV 11, 2015",DEN vs. MIL,W,14,4,7,0.571,0,0,0.0,0,1,0.0,3,2,5,4,2,0,2,0,8,9,1
669,22015,203999,0021500102,"NOV 09, 2015",DEN vs. POR,W,16,3,3,1.0,0,0,0.0,4,4,1.0,0,2,2,1,2,0,1,2,10,-1,1
670,22015,203999,0021500083,"NOV 06, 2015",DEN @ GSW,L,17,2,4,0.5,0,0,0.0,0,2,0.0,2,2,4,1,1,1,1,1,4,-5,1
671,22015,203999,0021500073,"NOV 05, 2015",DEN vs. UTA,L,18,1,4,0.25,0,0,0.0,3,4,0.75,1,2,3,0,0,1,1,1,5,-6,1
672,22015,203999,0021500044,"NOV 01, 2015",DEN @ OKC,L,24,4,9,0.444,0,0,0.0,0,0,0.0,3,1,4,0,0,0,1,2,8,-2,1
673,22015,203999,0021500029,"OCT 30, 2015",DEN vs. MIN,L,18,5,8,0.625,0,0,0.0,0,0,0.0,3,6,9,1,0,0,2,3,10,10,1
674,22015,203999,0021500010,"OCT 28, 2015",DEN @ HOU,W,4,1,1,1.0,0,0,0.0,0,0,0.0,0,0,0,0,0,0,1,0,2,1,1
