Unnamed: 0.1,Unnamed: 0,SEASON_ID,Player_ID,Game_ID,GAME_DATE,MATCHUP,WL,MIN,FGM,FGA,FG_PCT,FG3M,FG3A,FG3_PCT,FTM,FTA,FT_PCT,OREB,DREB,REB,AST,STL,BLK,TOV,PF,PTS,PLUS_MINUS,VIDEO_AVAILABLE,isHomeGame,Projected_Line,Beats_Projected_Line
0,0,22023,203999,22301193,"APR 14, 2024",DEN @ MEM,W,31,7,11,0.636,0,0,0.0,1,2,0.5,4,11,15,5,4,0,4,1,15,19,1,1,0.0,0
1,1,22023,203999,22301180,"APR 12, 2024",DEN @ SAS,L,39,9,13,0.692,1,2,0.5,3,3,1.0,2,5,7,12,2,1,3,5,22,-1,1,1,0.0,0
2,2,22023,203999,22301164,"APR 10, 2024",DEN vs. MIN,W,38,16,20,0.8,2,2,1.0,7,12,0.583,2,9,11,7,3,0,2,5,41,6,1,0,0.0,0
3,3,22023,203999,22301154,"APR 09, 2024",DEN @ UTA,W,34,12,20,0.6,2,2,1.0,2,2,1.0,5,8,13,7,3,1,5,2,28,23,1,1,0.0,0
4,4,22023,203999,22301130,"APR 06, 2024",DEN vs. ATL,W,31,6,13,0.462,2,3,0.667,5,6,0.833,1,13,14,11,2,0,4,1,19,19,1,0,0.0,0
5,5,22023,203999,22301114,"APR 04, 2024",DEN @ LAC,L,40,14,24,0.583,3,8,0.375,5,6,0.833,1,16,17,10,0,0,5,2,36,12,1,1,25.0,1
6,6,22023,203999,22301099,"APR 02, 2024",DEN vs. SAS,W,38,18,32,0.563,1,6,0.167,5,6,0.833,4,12,16,6,1,2,4,2,42,5,1,0,29.2,1
7,7,22023,203999,22301077,"MAR 31, 2024",DEN vs. CLE,W,35,11,18,0.611,1,2,0.5,3,5,0.6,4,14,18,16,1,0,3,2,26,37,1,0,33.2,0
8,8,22023,203999,22301071,"MAR 29, 2024",DEN vs. MIN,L,37,11,24,0.458,0,3,0.0,10,13,0.769,1,9,10,5,2,1,4,2,32,-9,1,0,30.2,1
9,9,22023,203999,22301059,"MAR 27, 2024",DEN vs. PHX,L,42,9,16,0.563,1,5,0.2,3,3,1.0,0,9,9,10,2,1,1,2,22,2,1,0,31.0,0
10,10,22023,203999,22301040,"MAR 25, 2024",DEN vs. MEM,W,31,11,18,0.611,1,2,0.5,6,7,0.857,5,6,11,8,3,1,4,4,29,13,1,0,31.6,0
11,11,22023,203999,22301009,"MAR 21, 2024",DEN vs. NYK,W,39,12,23,0.522,0,1,0.0,6,7,0.857,2,12,14,11,1,0,1,1,30,30,1,0,30.2,0
12,12,22023,203999,22300995,"MAR 19, 2024",DEN @ MIN,W,38,14,22,0.636,3,4,0.75,4,6,0.667,1,15,16,2,0,0,3,3,35,8,1,1,27.8,1
13,13,22023,203999,22300978,"MAR 17, 2024",DEN @ DAL,L,39,6,16,0.375,0,2,0.0,4,5,0.8,3,8,11,7,2,0,3,1,16,10,1,1,29.6,0
14,14,22023,203999,22300965,"MAR 15, 2024",DEN @ SAS,W,31,13,19,0.684,1,3,0.333,4,4,1.0,1,6,7,5,0,2,3,1,31,7,1,1,26.4,1
15,15,22023,203999,22300949,"MAR 13, 2024",DEN @ MIA,W,38,5,8,0.625,0,0,0.0,2,3,0.667,3,11,14,6,1,0,4,1,12,10,1,1,28.2,0
16,16,22023,203999,22300937,"MAR 11, 2024",DEN vs. TOR,W,38,14,26,0.538,1,3,0.333,6,6,1.0,6,11,17,12,6,2,2,3,35,13,1,0,24.8,1
17,17,22023,203999,22300922,"MAR 09, 2024",DEN vs. UTA,W,32,12,14,0.857,0,0,0.0,2,2,1.0,2,4,6,8,1,2,3,1,26,6,1,0,25.8,1
18,18,22023,203999,22300906,"MAR 07, 2024",DEN vs. BOS,W,39,11,19,0.579,0,0,0.0,10,10,1.0,4,8,12,11,2,0,0,1,32,9,1,0,24.0,1
19,19,22023,203999,22300893,"MAR 05, 2024",DEN vs. PHX,L,44,8,18,0.444,4,7,0.571,5,7,0.714,3,13,16,5,0,0,7,2,25,-13,1,0,27.2,0
20,20,22023,203999,22300869,"MAR 02, 2024",DEN @ LAL,W,39,16,25,0.64,1,5,0.2,2,2,1.0,2,8,10,7,0,1,3,1,35,16,1,1,26.0,1
21,21,22023,203999,22300855,"FEB 29, 2024",DEN vs. MIA,W,38,6,15,0.4,0,3,0.0,6,6,1.0,2,9,11,7,1,2,4,4,18,12,1,0,30.6,0
22,22,22023,203999,22300847,"FEB 28, 2024",DEN vs. SAC,W,32,5,9,0.556,0,0,0.0,4,4,1.0,1,13,14,11,3,1,2,3,14,37,1,0,27.2,0
23,23,22023,203999,22300824,"FEB 25, 2024",DEN @ GSW,W,37,13,24,0.542,2,6,0.333,4,4,1.0,2,14,16,16,4,1,2,3,32,20,1,1,24.8,1
24,24,22023,203999,22300812,"FEB 23, 2024",DEN @ POR,W,35,12,17,0.706,1,3,0.333,4,5,0.8,3,12,15,14,2,1,2,4,29,24,1,1,24.8,1
25,25,22023,203999,22300800,"FEB 22, 2024",DEN vs. WAS,W,31,10,10,1.0,0,0,0.0,1,2,0.5,2,17,19,15,1,0,3,3,21,23,1,0,25.6,0
26,26,22023,203999,22300786,"FEB 14, 2024",DEN vs. SAC,L,39,6,17,0.353,0,6,0.0,3,4,0.75,0,5,5,8,0,1,0,4,15,-6,1,0,22.8,0
27,27,22023,203999,22300767,"FEB 12, 2024",DEN @ MIL,L,32,13,25,0.52,2,5,0.4,1,3,0.333,3,9,12,8,0,0,5,1,29,-16,1,1,22.2,1
28,28,22023,203999,22300746,"FEB 09, 2024",DEN @ SAC,L,30,9,17,0.529,1,1,1.0,4,5,0.8,2,6,8,7,3,0,1,2,23,-7,1,1,25.2,0
29,29,22023,203999,22300740,"FEB 08, 2024",DEN @ LAL,W,36,9,20,0.45,2,6,0.333,4,4,1.0,3,10,13,9,0,3,6,2,24,10,1,1,23.4,1
30,30,22023,203999,22300712,"FEB 04, 2024",DEN vs. POR,W,34,12,20,0.6,1,3,0.333,4,5,0.8,1,7,8,7,2,0,2,1,29,-5,1,0,22.4,1
31,31,22023,203999,22300697,"FEB 02, 2024",DEN vs. POR,W,38,11,16,0.688,1,1,1.0,4,4,1.0,7,15,22,12,1,2,4,3,27,20,1,0,24.0,1
32,32,22023,203999,22300667,"JAN 29, 2024",DEN vs. MIL,W,40,10,25,0.4,1,6,0.167,4,5,0.8,1,15,16,12,3,2,3,1,25,9,1,0,26.4,0
33,33,22023,203999,22300644,"JAN 27, 2024",DEN vs. PHI,W,37,8,16,0.5,0,1,0.0,10,16,0.625,5,11,16,7,2,0,3,3,26,2,1,0,25.6,1
34,34,22023,203999,22300631,"JAN 25, 2024",DEN @ NYK,L,27,13,18,0.722,2,3,0.667,3,3,1.0,4,7,11,3,0,0,7,1,31,-23,1,1,26.2,1
35,35,22023,203999,22300614,"JAN 23, 2024",DEN @ IND,W,37,13,19,0.684,3,4,0.75,2,2,1.0,2,11,13,10,0,1,1,3,31,9,1,1,27.6,1
36,36,22023,203999,22300602,"JAN 21, 2024",DEN @ WAS,W,36,15,20,0.75,0,0,0.0,12,14,0.857,4,8,12,8,2,2,0,2,42,20,1,1,28.0,1
37,37,22023,203999,22300586,"JAN 19, 2024",DEN @ BOS,W,38,14,22,0.636,2,4,0.5,4,4,1.0,2,10,12,9,0,0,4,1,34,1,1,1,31.0,1
38,38,22023,203999,22300566,"JAN 16, 2024",DEN @ PHI,L,38,11,20,0.55,0,2,0.0,3,4,0.75,11,8,19,3,1,1,4,3,25,1,1,1,32.8,0
39,39,22023,203999,22300550,"JAN 14, 2024",DEN vs. IND,W,33,12,13,0.923,0,0,0.0,1,2,0.5,3,9,12,9,2,1,7,3,25,10,1,0,32.6,0
40,40,22023,203999,22300539,"JAN 12, 2024",DEN vs. NOP,W,32,11,17,0.647,1,2,0.5,4,4,1.0,3,7,10,14,0,1,2,4,27,12,1,0,31.4,0
41,41,22023,203999,22300524,"JAN 10, 2024",DEN @ UTA,L,30,8,9,0.889,1,1,1.0,10,12,0.833,1,10,11,6,1,0,6,3,27,-21,1,1,30.6,0
42,42,22023,203999,22300502,"JAN 07, 2024",DEN vs. DET,W,25,2,3,0.667,0,0,0.0,0,0,0.0,0,7,7,16,0,5,2,4,4,16,1,0,27.6,0
43,43,22023,203999,22300488,"JAN 05, 2024",DEN vs. ORL,L,37,13,19,0.684,0,1,0.0,3,4,0.75,0,4,4,8,3,0,2,3,29,-4,1,0,21.6,1
44,44,22023,203999,22300478,"JAN 04, 2024",DEN @ GSW,W,38,13,16,0.813,2,2,1.0,6,7,0.857,2,7,9,10,2,1,4,2,34,4,1,1,22.4,1
45,45,22023,203999,22300455,"JAN 01, 2024",DEN vs. CHA,W,28,6,7,0.857,0,0,0.0,1,1,1.0,0,11,11,6,1,1,3,2,13,27,1,0,24.2,0
46,46,22023,203999,22300435,"DEC 29, 2023",DEN vs. OKC,L,32,9,10,0.9,1,1,1.0,0,0,0.0,2,8,10,7,1,1,7,2,19,-19,1,0,21.4,0
47,47,22023,203999,22300425,"DEC 28, 2023",DEN vs. MEM,W,30,11,11,1.0,1,1,1.0,3,3,1.0,0,14,14,10,0,2,3,1,26,25,1,0,19.8,1
48,48,22023,203999,22300402,"DEC 25, 2023",DEN vs. GSW,W,39,4,12,0.333,0,2,0.0,18,18,1.0,4,10,14,8,0,0,3,2,26,21,1,0,24.2,1
49,49,22023,203999,22300390,"DEC 23, 2023",DEN @ CHA,W,36,8,14,0.571,0,2,0.0,2,2,1.0,2,8,10,9,1,1,3,6,18,12,1,1,23.6,0
50,50,22023,203999,22300383,"DEC 22, 2023",DEN @ BKN,W,34,12,17,0.706,2,2,1.0,5,5,1.0,2,9,11,7,3,2,0,4,31,29,1,1,20.4,1
51,51,22023,203999,22300369,"DEC 20, 2023",DEN @ TOR,W,38,13,23,0.565,3,5,0.6,2,3,0.667,5,10,15,6,0,2,2,2,31,15,1,1,24.0,1
52,52,22023,203999,22300356,"DEC 18, 2023",DEN vs. DAL,W,28,3,8,0.375,0,1,0.0,2,2,1.0,1,8,9,7,2,0,2,2,8,16,1,0,26.4,0
53,53,22023,203999,22300340,"DEC 16, 2023",DEN vs. OKC,L,37,8,15,0.533,1,2,0.5,7,8,0.875,4,2,6,12,2,0,3,3,24,-9,1,0,22.8,1
54,54,22023,203999,22300322,"DEC 14, 2023",DEN vs. BKN,W,30,8,12,0.667,0,2,0.0,10,12,0.833,1,13,14,10,1,0,1,2,26,21,1,0,22.4,1
55,55,22023,203999,22300307,"DEC 12, 2023",DEN @ CHI,W,16,2,5,0.4,0,0,0.0,0,0,0.0,3,6,9,6,0,0,0,1,4,5,1,1,24.0,0
56,56,22023,203999,22300296,"DEC 11, 2023",DEN @ ATL,W,36,9,13,0.692,1,1,1.0,6,7,0.857,2,6,8,9,3,2,1,3,25,8,1,1,18.6,1
57,57,22023,203999,22301224,"DEC 08, 2023",DEN vs. HOU,L,34,9,26,0.346,1,2,0.5,4,7,0.571,7,9,16,5,0,2,3,5,23,3,1,0,17.4,1
58,58,22023,203999,22301215,"DEC 06, 2023",DEN @ LAC,L,37,9,32,0.281,2,7,0.286,2,2,1.0,5,10,15,10,1,0,4,2,22,1,1,1,20.4,1
59,59,22023,203999,22300290,"DEC 02, 2023",DEN @ SAC,L,38,13,23,0.565,1,4,0.25,9,12,0.75,2,11,13,14,2,1,0,3,36,11,1,1,20.0,1
60,60,22023,203999,22300279,"DEC 01, 2023",DEN @ PHX,W,35,9,18,0.5,0,3,0.0,3,6,0.5,1,4,5,16,1,2,3,4,21,6,1,1,22.0,0
61,61,22023,203999,22300263,"NOV 29, 2023",DEN vs. HOU,W,33,12,19,0.632,1,2,0.5,7,8,0.875,6,4,10,15,1,0,0,2,32,29,1,0,25.4,1
62,62,22023,203999,22300252,"NOV 26, 2023",DEN vs. SAS,W,34,17,29,0.586,0,0,0.0,5,5,1.0,5,6,11,9,1,0,5,3,39,14,1,0,26.8,1
63,63,22023,203999,22300048,"NOV 24, 2023",DEN @ HOU,L,42,14,31,0.452,3,8,0.375,7,11,0.636,6,13,19,8,3,0,3,3,38,-12,1,1,30.0,1
64,64,22023,203999,22300226,"NOV 22, 2023",DEN @ ORL,L,36,12,18,0.667,1,2,0.5,5,5,1.0,5,8,13,12,3,2,1,4,30,4,1,1,33.2,0
65,65,22023,203999,22300218,"NOV 20, 2023",DEN @ DET,W,15,4,8,0.5,1,4,0.25,0,0,0.0,0,5,5,5,0,1,1,1,9,-4,1,1,32.0,0
66,66,22023,203999,22300210,"NOV 19, 2023",DEN @ CLE,L,28,8,13,0.615,0,0,0.0,2,5,0.4,1,9,10,7,1,1,3,5,18,-16,1,1,29.6,0
67,67,22023,203999,22300034,"NOV 17, 2023",DEN @ NOP,L,36,10,20,0.5,1,8,0.125,5,5,1.0,2,14,16,18,1,1,4,2,26,5,1,1,26.8,0
68,68,22023,203999,22300024,"NOV 14, 2023",DEN vs. LAC,W,36,8,23,0.348,2,7,0.286,14,14,1.0,3,13,16,9,1,0,4,2,32,3,1,0,24.2,1
69,69,22023,203999,22300182,"NOV 12, 2023",DEN @ HOU,L,38,13,26,0.5,2,6,0.333,8,8,1.0,6,15,21,11,0,1,3,3,36,12,1,1,23.0,1
70,70,22023,203999,22300169,"NOV 08, 2023",DEN vs. GSW,W,37,14,25,0.56,1,8,0.125,6,10,0.6,3,10,13,5,3,1,3,3,35,3,1,0,24.2,1
71,71,22023,203999,22300156,"NOV 06, 2023",DEN vs. NOP,W,36,15,24,0.625,2,6,0.333,3,5,0.6,3,11,14,12,1,1,2,1,35,16,1,0,29.4,1
72,72,22023,203999,22300139,"NOV 04, 2023",DEN vs. CHI,W,33,9,16,0.563,1,3,0.333,9,9,1.0,4,12,16,9,3,0,1,3,28,33,1,0,32.8,0
73,73,22023,203999,22300006,"NOV 03, 2023",DEN vs. DAL,W,36,14,16,0.875,2,2,1.0,3,5,0.6,7,7,14,9,1,1,4,3,33,17,1,0,33.2,0
74,74,22023,203999,22300123,"NOV 01, 2023",DEN @ MIN,L,30,11,23,0.478,1,6,0.167,2,2,1.0,2,8,10,3,0,0,5,0,25,-19,1,1,33.4,0
75,75,22023,203999,22300110,"OCT 30, 2023",DEN vs. UTA,W,35,12,16,0.75,1,3,0.333,2,5,0.4,1,9,10,11,0,2,1,3,27,13,1,0,31.2,0
76,76,22023,203999,22300095,"OCT 29, 2023",DEN @ OKC,W,30,12,16,0.75,1,2,0.5,3,3,1.0,2,12,14,5,0,0,4,3,28,21,1,1,29.6,0
77,77,22023,203999,22300078,"OCT 27, 2023",DEN @ MEM,W,35,8,14,0.571,1,4,0.25,5,6,0.833,3,9,12,7,1,1,9,1,22,6,1,1,28.2,0
78,78,22023,203999,22300061,"OCT 24, 2023",DEN vs. LAL,W,36,12,22,0.545,3,5,0.6,2,4,0.5,3,10,13,11,1,1,2,2,29,15,1,0,27.0,1
79,79,22022,203999,22201213,"APR 08, 2023",DEN @ UTA,L,27,2,5,0.4,0,1,0.0,2,2,1.0,0,10,10,10,2,0,4,2,6,-5,1,1,26.2,0
80,80,22022,203999,22201183,"APR 04, 2023",DEN @ HOU,L,25,7,13,0.538,0,2,0.0,0,1,0.0,2,8,10,4,2,3,8,1,14,-21,1,1,22.4,0
81,81,22022,203999,22201126,"MAR 27, 2023",DEN vs. PHI,W,35,8,11,0.727,0,0,0.0,9,11,0.818,3,14,17,12,0,2,3,3,25,11,1,0,19.8,1
82,82,22022,203999,22201109,"MAR 25, 2023",DEN vs. MIL,W,32,10,20,0.5,1,6,0.167,10,11,0.909,1,5,6,11,1,0,3,2,31,19,1,0,19.2,1
83,83,22022,203999,22201083,"MAR 22, 2023",DEN @ WAS,W,34,12,16,0.75,2,3,0.667,5,5,1.0,5,7,12,7,3,0,2,1,31,28,1,1,21.0,1
84,84,22022,203999,22201063,"MAR 19, 2023",DEN @ BKN,W,36,9,12,0.75,0,0,0.0,4,4,1.0,4,13,17,10,2,0,1,5,22,13,1,1,21.4,1
85,85,22022,203999,22201055,"MAR 18, 2023",DEN @ NYK,L,37,11,18,0.611,1,5,0.2,1,1,1.0,2,8,10,8,0,1,6,2,24,2,1,1,24.6,0
86,86,22022,203999,22201042,"MAR 16, 2023",DEN @ DET,W,33,14,18,0.778,0,1,0.0,2,3,0.667,4,6,10,9,1,1,1,2,30,13,1,1,26.6,1
87,87,22022,203999,22201029,"MAR 14, 2023",DEN @ TOR,L,35,10,13,0.769,0,1,0.0,8,8,1.0,2,6,8,7,1,0,4,3,28,-8,1,1,27.6,1
88,88,22022,203999,22201014,"MAR 12, 2023",DEN vs. BKN,L,39,14,23,0.609,0,1,0.0,7,10,0.7,6,14,20,11,2,2,3,2,35,14,1,0,27.0,1
89,89,22022,203999,22201002,"MAR 10, 2023",DEN @ SAS,L,39,14,24,0.583,4,6,0.667,5,6,0.833,3,8,11,11,3,0,5,2,37,-2,1,1,27.8,1
90,90,22022,203999,22200989,"MAR 08, 2023",DEN vs. CHI,L,35,7,16,0.438,3,9,0.333,1,4,0.25,1,11,12,8,0,0,5,1,18,-14,1,0,30.8,0
91,91,22022,203999,22200975,"MAR 06, 2023",DEN vs. TOR,W,36,5,8,0.625,1,1,1.0,6,6,1.0,3,10,13,9,0,1,4,1,17,7,1,0,29.6,0
92,92,22022,203999,22200952,"MAR 03, 2023",DEN vs. MEM,W,35,7,10,0.7,0,0,0.0,4,6,0.667,3,15,18,10,0,1,2,5,18,16,1,0,27.0,0
93,93,22022,203999,22200926,"FEB 28, 2023",DEN @ HOU,W,28,7,11,0.636,0,0,0.0,0,1,0.0,5,6,11,10,0,0,4,2,14,31,1,1,25.0,0
94,94,22022,203999,22200918,"FEB 26, 2023",DEN vs. LAC,W,42,14,21,0.667,0,1,0.0,12,15,0.8,8,9,17,10,3,0,1,2,40,11,1,0,20.8,1
95,95,22022,203999,22200907,"FEB 25, 2023",DEN @ MEM,L,27,7,11,0.636,0,0,0.0,1,1,1.0,3,10,13,3,0,0,3,1,15,-20,1,1,21.4,0
96,96,22022,203999,22200886,"FEB 23, 2023",DEN @ CLE,W,36,8,13,0.615,2,2,1.0,6,6,1.0,7,11,18,13,2,0,7,3,24,14,1,1,20.8,1
97,97,22022,203999,22200881,"FEB 15, 2023",DEN vs. DAL,W,34,6,9,0.667,0,0,0.0,2,3,0.667,1,12,13,10,1,1,5,2,14,9,1,0,22.2,0
98,98,22022,203999,22200861,"FEB 13, 2023",DEN @ MIA,W,34,12,14,0.857,0,0,0.0,3,3,1.0,0,12,12,8,0,0,0,3,27,5,1,1,21.4,1
99,99,22022,203999,22200847,"FEB 11, 2023",DEN @ CHA,W,34,11,22,0.5,0,0,0.0,8,9,0.889,7,9,16,10,0,2,4,1,30,22,1,1,24.0,1
100,100,22022,203999,22200831,"FEB 09, 2023",DEN @ ORL,L,38,10,19,0.526,3,5,0.6,6,9,0.667,2,10,12,6,1,2,7,3,29,8,1,1,22.0,1
101,101,22022,203999,22200820,"FEB 07, 2023",DEN vs. MIN,W,28,8,10,0.8,0,1,0.0,4,5,0.8,1,11,12,16,1,1,1,1,20,40,1,0,24.8,0
102,102,22022,203999,22200801,"FEB 04, 2023",DEN vs. ATL,W,34,5,8,0.625,0,1,0.0,4,5,0.8,3,15,18,10,1,2,5,3,14,20,1,0,24.0,0
103,103,22022,203999,22200783,"FEB 02, 2023",DEN vs. GSW,W,33,9,13,0.692,0,0,0.0,4,5,0.8,2,12,14,16,1,1,3,0,22,26,1,0,24.0,0
104,104,22022,203999,22200768,"JAN 31, 2023",DEN vs. NOP,W,38,10,14,0.714,1,3,0.333,5,5,1.0,1,17,18,15,1,1,5,2,26,20,1,0,23.0,1
105,105,22022,203999,22200741,"JAN 28, 2023",DEN @ PHI,L,38,8,12,0.667,2,2,1.0,6,6,1.0,1,7,8,9,0,2,7,2,24,-1,1,1,22.2,1
106,106,22022,203999,22200716,"JAN 24, 2023",DEN @ NOP,W,36,11,15,0.733,2,4,0.5,1,2,0.5,2,9,11,10,1,0,3,2,25,-6,1,1,21.2,1
107,107,22022,203999,22200676,"JAN 18, 2023",DEN vs. MIN,W,31,12,20,0.6,0,0,0.0,7,7,1.0,4,7,11,13,1,0,3,5,31,21,1,0,22.2,1
108,108,22022,203999,22200667,"JAN 17, 2023",DEN vs. POR,W,34,13,14,0.929,1,2,0.5,9,10,0.9,2,10,12,10,1,1,4,2,36,19,1,0,25.6,1
109,109,22022,203999,22200653,"JAN 15, 2023",DEN vs. ORL,W,35,8,11,0.727,1,4,0.25,0,0,0.0,0,10,10,14,2,1,4,3,17,16,1,0,28.4,0
110,110,22022,203999,22200624,"JAN 11, 2023",DEN vs. PHX,W,28,10,15,0.667,0,0,0.0,1,3,0.333,4,14,18,9,1,0,3,3,21,17,1,0,26.6,0
111,111,22022,203999,22200609,"JAN 09, 2023",DEN vs. LAL,W,35,5,5,1.0,1,1,1.0,3,3,1.0,2,9,11,16,1,1,4,2,14,10,1,0,26.0,0
112,112,22022,203999,22200588,"JAN 06, 2023",DEN vs. CLE,W,35,10,17,0.588,3,4,0.75,5,5,1.0,4,11,15,10,2,0,4,4,28,18,1,0,23.8,1
113,113,22022,203999,22200579,"JAN 05, 2023",DEN vs. LAC,W,24,4,8,0.5,0,1,0.0,4,5,0.8,0,6,6,9,1,0,2,0,12,18,1,0,23.2,0
114,114,22022,203999,22200557,"JAN 02, 2023",DEN @ MIN,L,33,10,20,0.5,1,3,0.333,3,4,0.75,1,6,7,9,2,0,5,4,24,-9,1,1,18.4,1
115,115,22022,203999,22200549,"JAN 01, 2023",DEN vs. BOS,W,32,10,13,0.769,2,2,1.0,8,8,1.0,0,12,12,12,1,0,0,1,30,14,1,0,19.8,1
116,116,22022,203999,22200535,"DEC 30, 2022",DEN vs. MIA,W,36,8,15,0.533,2,3,0.667,1,1,1.0,1,11,12,12,1,1,3,3,19,14,1,0,21.6,0
117,117,22022,203999,22200522,"DEC 28, 2022",DEN @ SAC,L,32,15,24,0.625,0,3,0.0,10,10,1.0,1,6,7,6,1,1,5,3,40,-1,1,1,22.6,1
118,118,22022,203999,22200514,"DEC 27, 2022",DEN @ SAC,W,37,7,10,0.7,0,0,0.0,6,6,1.0,0,9,9,11,1,0,0,3,20,13,1,1,25.0,0
119,119,22022,203999,22200497,"DEC 25, 2022",DEN vs. PHX,W,44,16,25,0.64,2,4,0.5,7,9,0.778,4,11,15,15,0,1,3,4,41,12,1,0,26.6,1
120,120,22022,203999,22200489,"DEC 23, 2022",DEN vs. POR,W,36,12,21,0.571,0,0,0.0,5,8,0.625,2,6,8,11,2,0,2,4,29,9,1,0,30.0,0
121,121,22022,203999,22200465,"DEC 20, 2022",DEN vs. MEM,W,37,6,12,0.5,1,1,1.0,0,1,0.0,4,9,13,13,2,0,4,1,13,13,1,0,29.8,0
122,122,22022,203999,22200450,"DEC 18, 2022",DEN vs. CHA,W,40,13,26,0.5,2,4,0.5,12,17,0.706,7,20,27,10,2,0,5,4,40,20,1,0,28.6,1
123,123,22022,203999,22200437,"DEC 16, 2022",DEN @ LAL,L,35,8,15,0.533,1,3,0.333,8,9,0.889,2,9,11,8,4,0,5,3,25,-14,1,1,28.6,0
124,124,22022,203999,22200422,"DEC 14, 2022",DEN vs. WAS,W,33,17,20,0.85,0,2,0.0,9,10,0.9,2,12,14,8,5,1,8,2,43,28,1,0,29.6,1
125,125,22022,203999,22200393,"DEC 10, 2022",DEN vs. UTA,W,35,11,20,0.55,1,4,0.25,8,10,0.8,3,9,12,14,1,4,3,3,31,10,1,0,30.0,1
126,126,22022,203999,22200376,"DEC 08, 2022",DEN @ POR,W,34,14,25,0.56,1,3,0.333,4,6,0.667,3,7,10,9,0,1,6,1,33,-8,1,1,30.4,1
127,127,22022,203999,22200362,"DEC 06, 2022",DEN vs. DAL,L,34,7,13,0.538,0,3,0.0,5,6,0.833,0,8,8,8,1,0,3,1,19,2,1,0,34.4,0
128,128,22022,203999,22200344,"DEC 04, 2022",DEN @ NOP,L,37,13,19,0.684,1,4,0.25,5,9,0.556,4,12,16,9,2,1,4,4,32,1,1,1,30.2,1
129,129,22022,203999,22200327,"DEC 02, 2022",DEN @ ATL,L,35,10,15,0.667,3,6,0.5,1,4,0.25,1,9,10,8,1,0,2,2,24,-8,1,1,31.6,0
130,130,22022,203999,22200320,"NOV 30, 2022",DEN vs. HOU,W,28,7,9,0.778,2,3,0.667,1,1,1.0,1,8,9,12,1,1,4,5,17,10,1,0,27.8,0
131,131,22022,203999,22200305,"NOV 28, 2022",DEN vs. HOU,W,27,11,17,0.647,1,2,0.5,9,10,0.9,6,6,12,8,0,0,3,2,32,8,1,0,25.0,1
132,132,22022,203999,22200285,"NOV 25, 2022",DEN @ LAC,W,32,7,13,0.538,0,1,0.0,5,7,0.714,2,11,13,6,2,1,2,3,19,19,1,1,24.8,0
133,133,22022,203999,22200268,"NOV 23, 2022",DEN @ OKC,W,43,11,15,0.733,1,3,0.333,16,18,0.889,3,7,10,9,0,0,4,5,39,11,1,1,24.8,1
134,134,22022,203999,22200258,"NOV 22, 2022",DEN vs. DET,L,37,12,16,0.75,0,0,0.0,7,11,0.636,2,7,9,10,1,1,5,3,31,13,1,0,26.2,1
135,135,22022,203999,22200196,"NOV 13, 2022",DEN @ CHI,W,28,4,4,1.0,0,0,0.0,0,0,0.0,0,6,6,14,3,0,2,0,8,29,1,1,27.6,0
136,136,22022,203999,22200176,"NOV 11, 2022",DEN @ BOS,L,30,12,20,0.6,2,4,0.5,3,4,0.75,3,5,8,3,0,0,2,4,29,-14,1,1,25.8,1
137,137,22022,203999,22200160,"NOV 09, 2022",DEN @ IND,W,21,10,20,0.5,1,3,0.333,3,3,1.0,1,3,4,6,2,1,1,5,24,11,1,1,25.2,0
138,138,22022,203999,22200154,"NOV 07, 2022",DEN @ SAS,W,34,11,20,0.55,0,1,0.0,4,5,0.8,1,7,8,10,2,3,4,2,26,15,1,1,26.2,0
139,139,22022,203999,22200138,"NOV 05, 2022",DEN vs. SAS,W,27,9,10,0.9,1,1,1.0,2,2,1.0,0,6,6,10,2,0,4,2,21,20,1,0,23.6,0
140,140,22022,203999,22200119,"NOV 03, 2022",DEN @ OKC,W,36,6,9,0.667,0,0,0.0,3,3,1.0,0,13,13,14,1,0,10,3,15,15,1,1,21.6,0
141,141,22022,203999,22200095,"OCT 30, 2022",DEN @ LAL,L,36,8,16,0.5,1,5,0.2,6,7,0.857,4,10,14,6,0,2,2,0,23,0,1,1,23.0,0
142,142,22022,203999,22200078,"OCT 28, 2022",DEN vs. UTA,W,25,3,10,0.3,0,4,0.0,6,8,0.75,3,7,10,6,1,1,1,1,12,8,1,0,21.8,0
143,143,22022,203999,22200064,"OCT 26, 2022",DEN vs. LAL,W,35,12,17,0.706,0,4,0.0,7,7,1.0,1,12,13,9,4,0,3,3,31,28,1,0,19.4,1
144,144,22022,203999,22200051,"OCT 24, 2022",DEN @ POR,L,27,3,4,0.75,0,0,0.0,3,3,1.0,1,8,9,9,0,0,1,5,9,-10,1,1,20.4,0
145,145,22022,203999,22200035,"OCT 22, 2022",DEN vs. OKC,W,39,6,10,0.6,1,1,1.0,6,9,0.667,1,15,16,13,1,1,3,2,19,18,1,0,18.0,1
146,146,22022,203999,22200026,"OCT 21, 2022",DEN @ GSW,W,34,7,13,0.538,1,2,0.5,11,11,1.0,3,9,12,10,0,0,5,4,26,-3,1,1,18.8,1
147,147,22022,203999,22200012,"OCT 19, 2022",DEN @ UTA,L,33,12,17,0.706,1,3,0.333,2,2,1.0,2,2,4,6,3,0,3,4,27,-5,1,1,19.4,1
148,148,22021,203999,22101201,"APR 07, 2022",DEN vs. MEM,W,35,16,24,0.667,1,3,0.333,2,2,1.0,3,13,16,6,4,1,3,2,35,37,1,0,22.4,1
149,149,22021,203999,22101186,"APR 05, 2022",DEN vs. SAS,L,40,18,35,0.514,1,5,0.2,4,6,0.667,2,15,17,4,2,0,2,3,41,-11,1,0,23.2,1
150,150,22021,203999,22101168,"APR 03, 2022",DEN @ LAL,W,33,15,22,0.682,0,3,0.0,8,11,0.727,1,17,18,6,2,2,7,3,38,7,1,1,29.6,1
151,151,22021,203999,22101159,"APR 01, 2022",DEN vs. MIN,L,43,14,21,0.667,0,2,0.0,10,12,0.833,5,14,19,8,1,0,4,2,38,7,1,0,33.4,1
152,152,22021,203999,22101137,"MAR 30, 2022",DEN @ IND,W,36,15,19,0.789,0,0,0.0,7,8,0.875,3,10,13,9,2,1,7,3,37,11,1,1,35.8,1
153,153,22021,203999,22101122,"MAR 28, 2022",DEN @ CHA,W,35,9,17,0.529,0,0,0.0,8,12,0.667,5,14,19,11,2,0,4,1,26,21,1,1,37.8,0
154,154,22021,203999,22101113,"MAR 26, 2022",DEN vs. OKC,W,35,13,15,0.867,0,1,0.0,9,10,0.9,2,10,12,8,2,2,3,4,35,19,1,0,36.0,0
155,155,22021,203999,22101099,"MAR 24, 2022",DEN vs. PHX,L,32,9,10,0.9,1,2,0.5,9,11,0.818,2,4,6,6,3,0,8,2,28,-15,1,0,34.8,0
156,156,22021,203999,22101083,"MAR 22, 2022",DEN vs. LAC,W,34,9,15,0.6,0,2,0.0,12,13,0.923,1,13,14,6,2,3,1,5,30,10,1,0,32.8,0
157,157,22021,203999,22101068,"MAR 20, 2022",DEN vs. BOS,L,33,8,23,0.348,2,6,0.333,5,6,0.833,4,4,8,4,1,1,2,2,23,-21,1,0,31.2,0
158,158,22021,203999,22101049,"MAR 18, 2022",DEN @ CLE,L,38,15,24,0.625,0,4,0.0,2,2,1.0,5,5,10,8,2,1,4,3,32,-16,1,1,28.4,1
159,159,22021,203999,22101035,"MAR 16, 2022",DEN @ WAS,W,26,10,14,0.714,2,2,1.0,7,7,1.0,2,11,13,8,2,1,3,2,29,16,1,1,29.6,0
160,160,22021,203999,22101022,"MAR 14, 2022",DEN @ PHI,W,34,8,16,0.5,1,3,0.333,5,7,0.714,1,12,13,8,2,2,5,1,22,-9,1,1,28.4,0
161,161,22021,203999,22101009,"MAR 12, 2022",DEN vs. TOR,L,31,9,13,0.692,0,0,0.0,8,9,0.889,4,6,10,7,0,2,3,2,26,-4,1,0,27.2,0
162,162,22021,203999,22100994,"MAR 10, 2022",DEN vs. GSW,L,32,9,21,0.429,0,8,0.0,5,6,0.833,1,11,12,9,1,1,5,4,23,-7,1,0,26.4,0
163,163,22021,203999,22100991,"MAR 09, 2022",DEN @ SAC,W,35,15,24,0.625,0,2,0.0,8,9,0.889,3,15,18,7,1,2,3,4,38,6,1,1,26.4,1
164,164,22021,203999,22100528,"MAR 07, 2022",DEN vs. GSW,W,35,12,17,0.706,0,0,0.0,8,14,0.571,3,12,15,13,0,1,3,3,32,14,1,0,27.6,1
165,165,22021,203999,22100967,"MAR 06, 2022",DEN vs. NOP,W,43,16,22,0.727,3,5,0.6,11,12,0.917,3,9,12,11,3,4,5,3,46,22,1,0,28.2,1
166,166,22021,203999,22100938,"MAR 02, 2022",DEN vs. OKC,L,33,10,17,0.588,0,4,0.0,2,2,1.0,4,12,16,4,2,0,6,2,22,-27,1,0,33.0,0
167,167,22021,203999,22100918,"FEB 27, 2022",DEN @ POR,W,26,3,5,0.6,0,1,0.0,2,2,1.0,1,17,18,11,1,0,2,2,8,6,1,1,32.2,0
168,168,22021,203999,22100911,"FEB 26, 2022",DEN vs. SAC,W,34,6,16,0.375,0,5,0.0,6,8,0.75,2,8,10,11,0,0,2,5,18,-5,1,0,29.2,0
169,169,22021,203999,22100895,"FEB 24, 2022",DEN @ SAC,W,34,9,15,0.6,2,4,0.5,5,7,0.714,1,11,12,9,4,1,2,3,25,17,1,1,25.2,0
170,170,22021,203999,22100883,"FEB 16, 2022",DEN @ GSW,W,34,13,24,0.542,3,5,0.6,6,9,0.667,5,12,17,8,1,0,5,3,35,6,1,1,23.8,1
171,171,22021,203999,22100864,"FEB 14, 2022",DEN vs. ORL,W,35,10,26,0.385,3,9,0.333,3,3,1.0,5,10,15,7,1,0,5,2,26,7,1,0,21.6,1
172,172,22021,203999,22100850,"FEB 12, 2022",DEN @ TOR,W,35,10,16,0.625,0,2,0.0,8,10,0.8,5,10,15,6,0,2,4,1,28,3,1,1,22.4,1
173,173,22021,203999,22100842,"FEB 11, 2022",DEN @ BOS,L,34,9,20,0.45,3,10,0.3,2,4,0.5,5,11,16,11,0,2,9,2,23,3,1,1,26.4,0
174,174,22021,203999,22100821,"FEB 08, 2022",DEN vs. NYK,W,30,8,14,0.571,0,3,0.0,5,7,0.714,3,8,11,7,0,0,6,2,21,1,1,0,27.4,0
175,175,22021,203999,22100804,"FEB 06, 2022",DEN vs. BKN,W,30,12,15,0.8,0,2,0.0,3,4,0.75,1,11,12,10,2,1,2,1,27,27,1,0,26.6,1
176,176,22021,203999,22100794,"FEB 04, 2022",DEN vs. NOP,L,35,7,10,0.7,3,3,1.0,8,8,1.0,2,10,12,9,2,0,4,4,25,-6,1,0,25.0,0
177,177,22021,203999,22100770,"FEB 01, 2022",DEN @ MIN,L,30,6,12,0.5,1,4,0.25,8,9,0.889,2,14,16,8,1,0,5,3,21,-7,1,1,24.8,0
178,178,22021,203999,22100756,"JAN 30, 2022",DEN @ MIL,W,28,7,9,0.778,2,4,0.5,2,2,1.0,0,10,10,15,3,1,5,1,18,24,1,1,23.4,0
179,179,22021,203999,22100729,"JAN 28, 2022",DEN @ NOP,W,30,11,19,0.579,3,6,0.5,4,4,1.0,3,10,13,10,2,0,6,5,29,15,1,1,22.4,1
180,180,22021,203999,22100453,"JAN 26, 2022",DEN @ BKN,W,35,8,13,0.615,2,2,1.0,8,8,1.0,2,8,10,8,1,0,2,5,26,6,1,1,24.0,1
181,181,22021,203999,22100714,"JAN 25, 2022",DEN @ DET,W,34,9,20,0.45,3,8,0.375,7,7,1.0,3,18,21,9,1,0,3,2,28,14,1,1,23.8,1
182,182,22021,203999,22100707,"JAN 23, 2022",DEN vs. DET,W,36,12,19,0.632,1,6,0.167,9,10,0.9,2,7,9,8,2,1,3,1,34,13,1,0,24.4,1
183,183,22021,203999,22100692,"JAN 21, 2022",DEN vs. MEM,L,40,11,16,0.688,2,4,0.5,2,3,0.667,3,8,11,12,2,1,0,3,26,0,1,0,27.0,0
184,184,22021,203999,22100678,"JAN 19, 2022",DEN vs. LAC,W,41,16,25,0.64,3,5,0.6,14,16,0.875,7,7,14,10,3,1,5,4,49,15,1,0,28.6,1
185,185,22021,203999,22100653,"JAN 16, 2022",DEN vs. UTA,L,37,10,18,0.556,2,5,0.4,3,3,1.0,3,12,15,14,2,0,3,5,25,5,1,0,32.6,0
186,186,22021,203999,22100649,"JAN 15, 2022",DEN vs. LAL,W,28,7,12,0.583,1,2,0.5,2,2,1.0,2,10,12,13,1,0,3,1,17,16,1,0,32.4,0
187,187,22021,203999,22100631,"JAN 13, 2022",DEN vs. POR,W,28,8,10,0.8,1,2,0.5,3,3,1.0,0,8,8,7,0,2,3,2,20,18,1,0,30.2,0
188,188,22021,203999,22100616,"JAN 11, 2022",DEN @ LAC,L,37,9,14,0.643,1,3,0.333,2,2,1.0,5,8,13,8,1,0,5,2,21,6,1,1,27.4,0
189,189,22021,203999,22100601,"JAN 09, 2022",DEN @ OKC,W,33,8,21,0.381,1,3,0.333,5,5,1.0,8,10,18,6,1,0,2,0,22,10,1,1,26.4,0
190,190,22021,203999,22100588,"JAN 07, 2022",DEN vs. SAC,W,34,13,20,0.65,3,6,0.5,4,8,0.5,1,9,10,7,2,2,2,3,33,0,1,0,21.0,1
191,191,22021,203999,22100575,"JAN 05, 2022",DEN vs. UTA,L,37,10,17,0.588,1,3,0.333,5,6,0.833,2,19,21,11,0,2,5,2,26,-1,1,0,22.6,1
192,192,22021,203999,22100558,"JAN 03, 2022",DEN @ DAL,L,35,11,18,0.611,1,4,0.25,4,4,1.0,4,12,16,3,2,0,3,3,27,-6,1,1,24.4,1
193,193,22021,203999,22100543,"JAN 01, 2022",DEN @ HOU,W,25,8,12,0.667,1,2,0.5,7,9,0.778,1,10,11,3,0,1,4,4,24,7,1,1,25.8,0
194,194,22021,203999,22100514,"DEC 28, 2021",DEN @ GSW,W,35,8,19,0.421,0,5,0.0,6,8,0.75,5,14,19,5,4,1,8,2,22,6,1,1,26.4,0
195,195,22021,203999,22100500,"DEC 26, 2021",DEN @ LAC,W,38,9,24,0.375,1,3,0.333,7,7,1.0,6,16,22,8,2,2,4,4,26,-7,1,1,26.4,0
196,196,22021,203999,22100482,"DEC 23, 2021",DEN vs. CHA,L,35,13,34,0.382,1,6,0.167,2,3,0.667,6,15,21,5,2,0,6,0,29,2,1,0,25.0,1
197,197,22021,203999,22100474,"DEC 22, 2021",DEN @ OKC,L,25,5,9,0.556,1,4,0.25,2,2,1.0,0,7,7,3,0,2,3,0,13,-15,1,1,25.6,0
198,198,22021,203999,22100434,"DEC 17, 2021",DEN @ ATL,W,26,8,12,0.667,1,2,0.5,3,3,1.0,2,8,10,7,3,0,3,5,20,13,1,1,22.8,0
199,199,22021,203999,22100424,"DEC 15, 2021",DEN vs. MIN,L,35,11,16,0.688,2,4,0.5,3,5,0.6,2,8,10,11,1,0,4,4,27,-17,1,0,22.0,1
200,200,22021,203999,22100411,"DEC 13, 2021",DEN vs. WAS,W,31,9,14,0.643,1,2,0.5,9,11,0.818,2,17,19,9,3,1,4,0,28,21,1,0,23.0,1
201,201,22021,203999,22100397,"DEC 11, 2021",DEN @ SAS,W,34,15,24,0.625,4,6,0.667,1,1,1.0,2,15,17,8,1,2,5,3,35,32,1,1,23.4,1
202,202,22021,203999,22100381,"DEC 09, 2021",DEN @ SAS,L,35,8,19,0.421,2,8,0.25,4,4,1.0,2,11,13,10,2,1,2,3,22,-5,1,1,24.6,0
203,203,22021,203999,22100375,"DEC 08, 2021",DEN @ NOP,W,37,17,23,0.739,0,3,0.0,5,9,0.556,1,10,11,11,1,0,6,2,39,4,1,1,26.4,1
204,204,22021,203999,22100357,"DEC 06, 2021",DEN @ CHI,L,36,6,17,0.353,1,5,0.2,4,6,0.667,1,11,12,15,2,0,3,2,17,7,1,1,30.2,0
205,205,22021,203999,22100342,"DEC 04, 2021",DEN @ NYK,W,27,14,19,0.737,3,7,0.429,1,1,1.0,3,8,11,5,0,0,4,0,32,12,1,1,28.2,1
206,206,22021,203999,22100320,"DEC 01, 2021",DEN @ ORL,L,36,7,19,0.368,0,5,0.0,4,5,0.8,1,14,15,7,1,0,5,1,18,2,1,1,29.0,0
207,207,22021,203999,22100306,"NOV 29, 2021",DEN @ MIA,W,33,9,14,0.643,1,2,0.5,5,6,0.833,3,12,15,7,1,0,1,2,24,17,1,1,25.6,0
208,208,22021,203999,22100228,"NOV 18, 2021",DEN vs. PHI,L,35,10,17,0.588,3,4,0.75,7,9,0.778,1,9,10,7,0,1,1,3,30,-5,1,0,26.0,1
209,209,22021,203999,22100204,"NOV 15, 2021",DEN @ DAL,L,37,15,26,0.577,2,6,0.333,3,6,0.5,3,13,16,6,0,2,3,1,35,-1,1,1,24.2,1
210,210,22021,203999,22100197,"NOV 14, 2021",DEN vs. POR,W,28,11,17,0.647,3,3,1.0,3,3,1.0,2,7,9,9,0,0,3,2,28,9,1,0,27.8,1
211,211,22021,203999,22100182,"NOV 12, 2021",DEN vs. ATL,W,35,10,22,0.455,1,8,0.125,1,4,0.25,5,14,19,10,1,0,2,5,22,19,1,0,27.0,0
212,212,22021,203999,22100151,"NOV 08, 2021",DEN vs. MIA,W,33,10,14,0.714,0,0,0.0,5,8,0.625,4,11,15,10,2,2,2,3,25,14,1,0,27.8,0
213,213,22021,203999,22100133,"NOV 06, 2021",DEN vs. HOU,W,36,9,15,0.6,1,3,0.333,9,11,0.818,2,12,14,2,2,1,5,5,28,7,1,0,28.0,0
214,214,22021,203999,22100114,"NOV 03, 2021",DEN @ MEM,L,35,11,20,0.55,2,5,0.4,10,10,1.0,2,9,11,5,2,0,2,3,34,-3,1,1,27.6,1
215,215,22021,203999,22100100,"NOV 01, 2021",DEN @ MEM,L,33,9,15,0.6,2,6,0.333,3,4,0.75,1,6,7,7,0,4,3,2,23,0,1,1,27.4,0
216,216,22021,203999,22100087,"OCT 30, 2021",DEN @ MIN,W,37,10,23,0.435,3,8,0.375,3,4,0.75,5,14,19,7,1,2,7,2,26,17,1,1,26.4,0
217,217,22021,203999,22100075,"OCT 29, 2021",DEN vs. DAL,W,25,5,9,0.556,1,3,0.333,0,0,0.0,2,14,16,8,1,0,1,4,11,26,1,0,27.2,0
218,218,22021,203999,22100054,"OCT 26, 2021",DEN @ UTA,L,15,8,9,0.889,3,3,1.0,5,7,0.714,1,5,6,6,0,0,1,1,24,7,1,1,24.4,0
219,219,22021,203999,22100048,"OCT 25, 2021",DEN vs. CLE,L,35,9,15,0.6,1,4,0.25,5,6,0.833,3,16,19,3,3,0,6,3,24,-12,1,0,23.6,1
220,220,22021,203999,22100024,"OCT 22, 2021",DEN vs. SAS,W,34,14,19,0.737,2,2,1.0,2,3,0.667,5,11,16,7,3,1,6,4,32,14,1,0,21.6,1
221,221,22021,203999,22100012,"OCT 20, 2021",DEN @ PHX,W,35,13,22,0.591,1,6,0.167,0,0,0.0,2,11,13,2,2,0,3,3,27,28,1,1,23.4,1
222,222,22020,203999,22001076,"MAY 16, 2021",DEN @ POR,L,17,9,17,0.529,0,3,0.0,3,3,1.0,1,2,3,2,1,0,1,3,21,-13,1,1,23.6,0
223,223,22020,203999,22001054,"MAY 14, 2021",DEN @ DET,W,26,7,11,0.636,0,0,0.0,6,7,0.857,3,12,15,11,0,0,1,2,20,18,1,1,25.6,0
224,224,22020,203999,22001052,"MAY 13, 2021",DEN @ MIN,W,32,14,21,0.667,0,3,0.0,3,3,1.0,6,8,14,4,1,1,2,2,31,8,1,1,24.8,1
225,225,22020,203999,22000448,"MAY 11, 2021",DEN @ CHA,W,33,7,16,0.438,0,2,0.0,16,17,0.941,2,9,11,6,0,0,2,2,30,12,1,1,26.2,1
226,226,22020,203999,22001015,"MAY 08, 2021",DEN vs. BKN,L,37,10,21,0.476,0,5,0.0,9,9,1.0,3,4,7,6,0,0,5,3,29,3,1,0,25.8,1
227,227,22020,203999,22001008,"MAY 07, 2021",DEN @ UTA,L,35,9,11,0.818,2,2,1.0,4,4,1.0,2,7,9,13,0,1,5,5,24,-4,1,1,26.2,0
228,228,22020,203999,22000995,"MAY 05, 2021",DEN vs. NYK,W,29,10,16,0.625,0,2,0.0,12,15,0.8,3,9,12,6,2,2,4,3,32,15,1,0,26.8,1
229,229,22020,203999,22000982,"MAY 03, 2021",DEN @ LAL,L,36,12,28,0.429,1,4,0.25,7,8,0.875,3,6,9,5,2,1,2,4,32,3,1,1,29.2,1
230,230,22020,203999,22000966,"MAY 01, 2021",DEN @ LAC,W,33,9,17,0.529,2,6,0.333,10,10,1.0,2,12,14,7,0,1,0,4,30,-3,1,1,29.4,1
231,231,22020,203999,22000948,"APR 29, 2021",DEN vs. TOR,W,28,8,13,0.615,2,3,0.667,1,1,1.0,4,7,11,2,1,0,1,1,19,-4,1,0,29.4,0
232,232,22020,203999,22000940,"APR 28, 2021",DEN vs. NOP,W,36,12,20,0.6,2,4,0.5,6,8,0.75,0,7,7,8,3,3,6,1,32,7,1,0,27.4,1
233,233,22020,203999,22000925,"APR 26, 2021",DEN vs. MEM,W,30,6,12,0.5,2,3,0.667,10,10,1.0,1,14,15,5,2,0,6,3,24,11,1,0,29.0,0
234,234,22020,203999,22000910,"APR 24, 2021",DEN vs. HOU,W,29,10,14,0.714,0,0,0.0,4,6,0.667,0,8,8,12,1,1,4,4,24,10,1,0,27.4,0
235,235,22020,203999,22000903,"APR 23, 2021",DEN @ GSW,L,33,7,16,0.438,0,3,0.0,5,5,1.0,0,6,6,6,0,0,1,2,19,-18,1,1,25.8,0
236,236,22020,203999,22000890,"APR 21, 2021",DEN @ POR,W,36,9,18,0.5,1,6,0.167,6,7,0.857,4,5,9,5,0,1,4,0,25,3,1,1,23.6,1
237,237,22020,203999,22000874,"APR 19, 2021",DEN vs. MEM,W,45,20,31,0.645,2,6,0.333,5,6,0.833,7,8,15,8,0,1,7,3,47,3,1,0,24.8,1
238,238,22020,203999,22000851,"APR 16, 2021",DEN @ HOU,W,27,10,12,0.833,1,1,1.0,8,9,0.889,6,10,16,7,2,0,0,3,29,9,1,1,27.8,1
239,239,22020,203999,22000838,"APR 14, 2021",DEN vs. MIA,W,32,6,14,0.429,1,2,0.5,4,5,0.8,4,6,10,11,1,2,2,3,17,7,1,0,28.8,0
240,240,22020,203999,22000821,"APR 12, 2021",DEN @ GSW,L,37,10,21,0.476,1,5,0.2,6,8,0.75,4,8,12,8,1,1,4,1,27,-14,1,1,27.4,0
241,241,22020,203999,22000806,"APR 11, 2021",DEN vs. BOS,L,32,6,15,0.4,0,2,0.0,5,7,0.714,2,8,10,11,1,1,2,3,17,9,1,0,29.0,0
242,242,22020,203999,22000797,"APR 09, 2021",DEN vs. SAS,W,38,9,17,0.529,2,2,1.0,6,6,1.0,5,8,13,14,1,0,6,4,26,7,1,0,27.4,0
243,243,22020,203999,22000782,"APR 07, 2021",DEN vs. SAS,W,30,11,18,0.611,0,2,0.0,3,4,0.75,1,8,9,10,1,0,6,0,25,5,1,0,23.2,1
244,244,22020,203999,22000321,"APR 06, 2021",DEN vs. DET,W,27,13,16,0.813,0,0,0.0,1,2,0.5,2,6,8,11,1,1,1,3,27,9,1,0,22.4,1
245,245,22020,203999,22000761,"APR 04, 2021",DEN vs. ORL,W,38,5,11,0.455,0,1,0.0,7,9,0.778,2,7,9,16,1,0,4,4,17,15,1,0,24.4,0
246,246,22020,203999,22000736,"APR 01, 2021",DEN @ LAC,W,36,6,16,0.375,2,3,0.667,0,0,0.0,1,6,7,7,0,1,4,3,14,13,1,1,22.4,0
247,247,22020,203999,22000719,"MAR 30, 2021",DEN vs. PHI,W,34,8,14,0.571,0,1,0.0,5,6,0.833,3,7,10,5,0,0,5,1,21,8,1,0,21.8,0
248,248,22020,203999,22000705,"MAR 28, 2021",DEN vs. ATL,W,28,7,12,0.583,1,2,0.5,1,2,0.5,3,7,10,8,1,2,0,0,16,20,1,0,20.8,0
249,249,22020,203999,22000689,"MAR 26, 2021",DEN @ NOP,W,41,17,30,0.567,3,5,0.6,0,0,0.0,2,4,6,9,2,1,1,3,37,23,1,1,19.0,1
250,250,22020,203999,22000668,"MAR 24, 2021",DEN @ TOR,L,30,8,14,0.571,0,2,0.0,4,4,1.0,4,6,10,5,1,0,4,1,20,-13,1,1,21.0,0
251,251,22020,203999,22000661,"MAR 23, 2021",DEN @ ORL,W,36,11,17,0.647,2,4,0.5,4,4,1.0,4,11,15,10,2,1,3,2,28,11,1,1,21.6,1
252,252,22020,203999,22000646,"MAR 21, 2021",DEN vs. NOP,L,35,13,19,0.684,3,4,0.75,0,0,0.0,3,7,10,10,1,1,5,3,29,3,1,0,24.4,1
253,253,22020,203999,22000637,"MAR 19, 2021",DEN vs. CHI,W,42,14,23,0.609,2,4,0.5,4,6,0.667,5,10,15,9,2,1,1,4,34,5,1,0,26.0,1
254,254,22020,203999,22000624,"MAR 17, 2021",DEN vs. CHA,W,29,6,7,0.857,0,0,0.0,0,0,0.0,2,8,10,10,0,0,3,2,12,27,1,0,29.6,0
255,255,22020,203999,22000606,"MAR 15, 2021",DEN vs. IND,W,34,11,25,0.44,2,4,0.5,8,10,0.8,6,8,14,5,4,1,1,2,32,-9,1,0,24.6,1
256,256,22020,203999,22000592,"MAR 13, 2021",DEN vs. DAL,L,36,10,20,0.5,1,5,0.2,5,6,0.833,2,7,9,11,0,0,4,0,26,-12,1,0,27.0,0
257,257,22020,203999,22000580,"MAR 12, 2021",DEN @ MEM,W,36,13,22,0.591,1,2,0.5,1,2,0.5,2,13,15,7,2,0,1,1,28,-3,1,1,26.6,1
258,258,22020,203999,22000553,"MAR 04, 2021",DEN @ IND,W,37,9,18,0.5,1,2,0.5,1,2,0.5,2,10,12,8,0,0,7,2,20,-3,1,1,26.4,0
259,259,22020,203999,22000540,"MAR 02, 2021",DEN @ MIL,W,36,15,23,0.652,2,3,0.667,5,5,1.0,4,6,10,11,2,0,2,1,37,18,1,1,23.6,1
260,260,22020,203999,22000531,"MAR 01, 2021",DEN @ CHI,W,38,17,28,0.607,0,3,0.0,5,5,1.0,2,12,14,9,1,2,1,4,39,12,1,1,28.6,1
261,261,22020,203999,22000518,"FEB 27, 2021",DEN @ OKC,W,30,8,10,0.8,1,2,0.5,2,2,1.0,1,10,11,13,2,0,0,3,19,34,1,1,30.0,0
262,262,22020,203999,22000502,"FEB 25, 2021",DEN vs. WAS,L,38,9,18,0.5,3,4,0.75,3,3,1.0,2,9,11,7,1,2,1,3,24,-2,1,0,28.6,0
263,263,22020,203999,22000487,"FEB 23, 2021",DEN vs. POR,W,38,17,32,0.531,3,6,0.5,4,4,1.0,3,2,5,5,1,0,0,1,41,0,1,0,27.8,1
264,264,22020,203999,22000470,"FEB 21, 2021",DEN @ ATL,L,37,5,15,0.333,2,5,0.4,3,4,0.75,2,8,10,6,3,0,4,5,15,-7,1,1,32.0,0
265,265,22020,203999,22000563,"FEB 19, 2021",DEN @ CLE,W,33,5,8,0.625,1,2,0.5,5,5,1.0,2,10,12,10,4,1,3,2,16,13,1,1,27.6,0
266,266,22020,203999,22000437,"FEB 17, 2021",DEN @ WAS,L,37,12,21,0.571,3,5,0.6,6,6,1.0,1,6,7,9,2,0,3,4,33,5,1,1,23.0,1
267,267,22020,203999,22000427,"FEB 16, 2021",DEN @ BOS,L,38,16,23,0.696,3,5,0.6,8,8,1.0,3,3,6,5,2,1,3,3,43,2,1,1,25.8,1
268,268,22020,203999,22000416,"FEB 14, 2021",DEN vs. LAL,W,35,8,17,0.471,1,5,0.2,6,6,1.0,4,12,16,10,0,1,3,2,23,16,1,0,29.6,0
269,269,22020,203999,22000401,"FEB 12, 2021",DEN vs. OKC,W,37,9,16,0.563,2,7,0.286,2,2,1.0,3,10,13,9,1,1,2,4,22,5,1,0,26.0,0
270,270,22020,203999,22000388,"FEB 10, 2021",DEN vs. CLE,W,30,5,7,0.714,0,0,0.0,2,2,1.0,1,5,6,12,2,0,2,3,12,32,1,0,27.4,0
271,271,22020,203999,22000373,"FEB 08, 2021",DEN vs. MIL,L,39,13,26,0.5,3,6,0.5,6,6,1.0,3,9,12,6,0,0,0,3,35,-2,1,0,26.6,1
272,272,22020,203999,22000352,"FEB 06, 2021",DEN @ SAC,L,41,20,33,0.606,3,6,0.5,7,7,1.0,1,7,8,12,1,3,1,2,50,2,1,1,27.0,1
273,273,22020,203999,22000341,"FEB 04, 2021",DEN @ LAL,L,35,6,16,0.375,0,0,0.0,1,2,0.5,3,6,9,6,1,0,3,4,13,-8,1,1,28.4,0
274,274,22020,203999,22000306,"JAN 31, 2021",DEN vs. UTA,W,37,17,26,0.654,4,4,1.0,9,10,0.9,3,9,12,5,2,1,3,2,47,14,1,0,26.4,1
275,275,22020,203999,22000296,"JAN 29, 2021",DEN @ SAS,L,39,14,24,0.583,5,11,0.455,2,4,0.5,1,9,10,5,1,1,4,3,35,-9,1,1,31.4,1
276,276,22020,203999,22000275,"JAN 27, 2021",DEN @ MIA,W,34,9,14,0.643,1,5,0.2,2,2,1.0,2,9,11,3,0,1,1,2,21,16,1,1,36.0,0
277,277,22020,203999,22000265,"JAN 25, 2021",DEN @ DAL,W,34,8,13,0.615,0,2,0.0,4,4,1.0,3,7,10,4,2,1,6,2,20,-10,1,1,33.2,0
278,278,22020,203999,22000248,"JAN 23, 2021",DEN @ PHX,W,42,9,21,0.429,0,0,0.0,11,14,0.786,7,15,22,6,1,0,6,3,29,8,1,1,27.2,1
279,279,22020,203999,22000238,"JAN 22, 2021",DEN @ PHX,W,40,15,27,0.556,1,3,0.333,0,1,0.0,6,4,10,8,3,0,3,4,31,-13,1,1,30.4,1
280,280,22020,203999,22000213,"JAN 19, 2021",DEN vs. OKC,W,28,12,21,0.571,0,4,0.0,3,3,1.0,5,7,12,6,1,1,1,2,27,12,1,0,27.2,0
281,281,22020,203999,22000200,"JAN 17, 2021",DEN vs. UTA,L,40,14,23,0.609,3,6,0.5,4,4,1.0,8,6,14,9,2,1,6,4,35,6,1,0,25.6,1
282,282,22020,203999,22000177,"JAN 14, 2021",DEN vs. GSW,W,36,8,16,0.5,0,4,0.0,7,7,1.0,1,13,14,10,3,0,3,4,23,10,1,0,28.4,0
283,283,22020,203999,22000158,"JAN 12, 2021",DEN @ BKN,L,34,8,17,0.471,1,4,0.25,6,6,1.0,1,7,8,11,7,1,1,2,23,-11,1,1,29.0,0
284,284,22020,203999,22000144,"JAN 10, 2021",DEN @ NYK,W,30,9,15,0.6,1,3,0.333,3,3,1.0,3,7,10,5,1,1,2,1,22,8,1,1,27.8,0
285,285,22020,203999,22000133,"JAN 09, 2021",DEN @ PHI,W,29,6,8,0.75,0,0,0.0,3,3,1.0,1,8,9,12,0,0,4,2,15,24,1,1,26.0,0
286,286,22020,203999,22000120,"JAN 07, 2021",DEN vs. DAL,L,41,14,31,0.452,4,10,0.4,6,10,0.6,1,10,11,4,2,0,3,4,38,-6,1,0,23.6,1
287,287,22020,203999,22000104,"JAN 05, 2021",DEN vs. MIN,W,37,12,20,0.6,1,1,1.0,10,12,0.833,5,10,15,6,3,1,4,5,35,13,1,0,24.2,1
288,288,22020,203999,22000088,"JAN 03, 2021",DEN @ MIN,W,32,8,12,0.667,0,1,0.0,3,3,1.0,3,9,12,12,0,0,7,5,19,27,1,1,26.6,0
289,289,22020,203999,22000076,"JAN 01, 2021",DEN vs. PHX,L,30,7,13,0.538,3,5,0.6,0,0,0.0,3,6,9,11,1,0,1,5,17,1,1,0,25.8,0
290,290,22020,203999,22000055,"DEC 29, 2020",DEN @ SAC,L,39,9,14,0.643,1,3,0.333,7,7,1.0,1,9,10,12,2,0,10,4,26,1,1,1,24.8,1
291,291,22020,203999,22000044,"DEC 28, 2020",DEN vs. HOU,W,34,8,11,0.727,1,1,1.0,2,3,0.667,4,8,12,18,3,1,3,2,19,20,1,0,27.0,0
292,292,22020,203999,22000009,"DEC 25, 2020",DEN vs. LAC,L,38,7,13,0.538,1,4,0.25,9,11,0.818,3,6,9,10,1,0,5,2,24,-20,1,0,23.2,1
293,293,22020,203999,22000019,"DEC 23, 2020",DEN vs. SAC,L,42,11,18,0.611,1,2,0.5,6,9,0.667,3,12,15,14,0,2,6,3,29,5,1,0,21.0,1
294,294,22019,203999,21901318,"AUG 14, 2020",DEN @ TOR,L,10,1,1,1.0,0,0,0.0,0,0,0.0,0,1,1,2,0,0,1,0,2,-6,1,1,23.0,0
295,295,22019,203999,21901307,"AUG 12, 2020",DEN vs. LAC,L,28,7,11,0.636,1,4,0.25,2,4,0.5,1,6,7,13,0,0,1,1,17,5,1,0,20.0,0
296,296,22019,203999,21901296,"AUG 10, 2020",DEN @ LAL,L,26,4,7,0.571,2,2,1.0,2,2,1.0,0,1,1,4,1,0,1,3,12,-5,1,1,18.2,0
297,297,22019,203999,21901281,"AUG 08, 2020",DEN vs. UTA,W,42,11,21,0.524,2,6,0.333,6,6,1.0,2,9,11,7,3,0,4,5,30,9,1,0,16.8,1
298,298,22019,203999,21901272,"AUG 06, 2020",DEN vs. POR,L,24,3,8,0.375,0,2,0.0,2,2,1.0,3,2,5,13,0,0,5,2,8,-1,1,0,18.0,0
299,299,22019,203999,21901264,"AUG 05, 2020",DEN @ SAS,W,32,10,17,0.588,3,5,0.6,2,2,1.0,3,1,4,11,1,0,5,4,25,8,1,1,13.8,1
300,300,22019,203999,21901251,"AUG 03, 2020",DEN @ OKC,W,39,10,21,0.476,0,5,0.0,10,11,0.909,2,10,12,10,2,0,4,4,30,9,1,1,18.4,1
301,301,22019,203999,21901239,"AUG 01, 2020",DEN vs. MIA,L,34,7,16,0.438,1,5,0.2,4,6,0.667,0,7,7,6,1,1,3,3,19,-10,1,0,21.0,0
302,302,22019,203999,21900973,"MAR 11, 2020",DEN @ DAL,L,34,7,10,0.7,0,2,0.0,0,0,0.0,2,11,13,8,0,0,5,3,14,5,1,1,22.4,0
303,303,22019,203999,21900958,"MAR 09, 2020",DEN vs. MIL,W,30,4,13,0.308,1,5,0.2,1,2,0.5,0,9,9,7,1,0,2,3,10,6,1,0,19.2,0
304,304,22019,203999,21900942,"MAR 07, 2020",DEN @ CLE,L,32,4,11,0.364,0,3,0.0,0,1,0.0,2,6,8,8,1,0,4,3,8,0,1,1,19.6,0
305,305,22019,203999,21900926,"MAR 05, 2020",DEN @ CHA,W,30,5,10,0.5,0,2,0.0,4,4,1.0,3,8,11,8,1,1,6,5,14,2,1,1,16.2,0
306,306,22019,203999,21900913,"MAR 03, 2020",DEN vs. GSW,L,32,7,15,0.467,0,1,0.0,2,2,1.0,4,9,13,7,1,2,5,2,16,-10,1,0,13.0,1
307,307,22019,203999,21900898,"MAR 01, 2020",DEN vs. TOR,W,35,8,11,0.727,0,0,0.0,7,9,0.778,4,14,18,11,1,0,2,2,23,18,1,0,12.4,1
308,308,22019,203999,21900886,"FEB 28, 2020",DEN @ LAC,L,25,9,13,0.692,0,2,0.0,3,4,0.75,2,7,9,2,1,0,3,1,21,-15,1,1,14.2,1
309,309,22019,203999,21900860,"FEB 25, 2020",DEN vs. DET,W,28,5,8,0.625,1,1,1.0,5,5,1.0,2,3,5,4,4,0,5,4,16,-3,1,0,16.4,0
310,310,22019,203999,21900844,"FEB 23, 2020",DEN vs. MIN,W,31,11,14,0.786,0,1,0.0,2,3,0.667,1,6,7,6,2,2,3,4,24,18,1,0,18.0,1
311,311,22019,203999,21900831,"FEB 21, 2020",DEN @ OKC,L,34,12,15,0.8,1,2,0.5,7,7,1.0,1,6,7,5,1,1,2,1,32,-2,1,1,20.0,1
312,312,22019,203999,21900817,"FEB 12, 2020",DEN vs. LAL,L,37,9,18,0.5,2,3,0.667,2,2,1.0,1,10,11,6,3,1,3,5,22,-10,1,0,23.2,0
313,313,22019,203999,21900799,"FEB 10, 2020",DEN vs. SAS,W,38,6,8,0.75,0,1,0.0,7,8,0.875,3,5,8,13,0,1,5,4,19,4,1,0,23.0,0
314,314,22019,203999,21900784,"FEB 08, 2020",DEN @ PHX,W,34,9,19,0.474,0,3,0.0,5,5,1.0,4,5,9,6,1,3,6,3,23,3,1,1,22.6,1
315,315,22019,203999,21900762,"FEB 05, 2020",DEN @ UTA,W,40,14,24,0.583,0,2,0.0,2,4,0.5,6,15,21,10,2,0,1,2,30,10,1,1,24.0,1
316,316,22019,203999,21900753,"FEB 04, 2020",DEN vs. POR,W,31,11,17,0.647,3,5,0.6,4,4,1.0,4,9,13,9,2,3,4,1,29,23,1,0,25.2,1
317,317,22019,203999,21900737,"FEB 02, 2020",DEN @ DET,L,40,16,23,0.696,1,3,0.333,6,7,0.857,0,10,10,11,3,2,2,4,39,13,1,1,24.6,1
318,318,22019,203999,21900724,"JAN 31, 2020",DEN @ MIL,W,33,7,17,0.412,1,3,0.333,0,0,0.0,0,10,10,9,1,0,3,4,15,-9,1,1,28.0,0
319,319,22019,203999,21900718,"JAN 30, 2020",DEN vs. UTA,W,35,11,19,0.579,1,2,0.5,5,6,0.833,0,4,4,10,3,0,3,4,28,-4,1,0,27.2,1
320,320,22019,203999,21900704,"JAN 28, 2020",DEN @ MEM,L,39,8,16,0.5,3,6,0.5,6,6,1.0,3,10,13,5,0,1,8,3,25,-9,1,1,28.2,0
321,321,22019,203999,21900685,"JAN 26, 2020",DEN vs. HOU,W,38,9,18,0.5,0,2,0.0,6,7,0.857,2,10,12,11,2,0,6,4,24,0,1,0,27.2,0
322,322,22019,203999,21900676,"JAN 24, 2020",DEN @ NOP,W,35,9,20,0.45,1,6,0.167,8,8,1.0,7,5,12,7,4,1,2,3,27,7,1,1,26.2,1
323,323,22019,203999,21900662,"JAN 22, 2020",DEN @ HOU,L,34,8,19,0.421,0,1,0.0,3,6,0.5,4,8,12,10,1,1,6,2,19,-9,1,1,23.8,0
324,324,22019,203999,21900649,"JAN 20, 2020",DEN @ MIN,W,34,7,15,0.467,0,3,0.0,3,4,0.75,5,8,13,5,1,0,5,4,17,-6,1,1,24.6,0
325,325,22019,203999,21900638,"JAN 19, 2020",DEN vs. IND,L,32,10,16,0.625,2,4,0.5,8,12,0.667,1,9,10,4,3,0,1,4,30,-2,1,0,22.4,1
326,326,22019,203999,21900617,"JAN 16, 2020",DEN @ GSW,W,44,10,20,0.5,0,3,0.0,3,3,1.0,2,10,12,8,0,2,9,4,23,18,1,1,23.4,0
327,327,22019,203999,21900610,"JAN 15, 2020",DEN vs. CHA,W,29,5,9,0.556,0,1,0.0,2,2,1.0,1,7,8,8,1,2,4,3,12,3,1,0,23.2,0
328,328,22019,203999,21900589,"JAN 12, 2020",DEN vs. LAC,W,31,6,14,0.429,3,4,0.75,5,6,0.833,2,13,15,6,1,0,2,5,20,5,1,0,20.2,0
329,329,22019,203999,21900582,"JAN 11, 2020",DEN vs. CLE,L,34,8,12,0.667,2,5,0.4,1,1,1.0,3,9,12,5,0,0,1,2,19,-2,1,0,20.4,0
330,330,22019,203999,21900559,"JAN 08, 2020",DEN @ DAL,W,31,12,20,0.6,4,6,0.667,5,8,0.625,2,4,6,7,1,1,3,1,33,-3,1,1,20.8,1
331,331,22019,203999,21900543,"JAN 06, 2020",DEN @ ATL,W,37,16,25,0.64,4,8,0.5,11,16,0.688,4,4,8,5,2,1,0,3,47,0,1,1,21.4,1
332,332,22019,203999,21900528,"JAN 04, 2020",DEN @ WAS,L,30,4,10,0.4,1,3,0.333,5,7,0.714,2,8,10,4,1,0,2,0,14,0,1,1,26.2,0
333,333,22019,203999,21900509,"JAN 02, 2020",DEN @ IND,W,24,7,15,0.467,0,3,0.0,8,8,1.0,3,4,7,0,0,0,2,5,22,-9,1,1,26.6,0
334,334,22019,203999,21900501,"DEC 31, 2019",DEN @ HOU,L,32,10,17,0.588,0,1,0.0,1,1,1.0,2,6,8,4,0,0,6,2,21,-5,1,1,27.0,0
335,335,22019,203999,21900489,"DEC 29, 2019",DEN vs. SAC,W,27,7,8,0.875,0,0,0.0,3,4,0.75,4,4,8,4,1,0,4,3,17,8,1,0,27.4,0
336,336,22019,203999,21900472,"DEC 28, 2019",DEN vs. MEM,W,33,12,19,0.632,2,5,0.4,5,7,0.714,2,8,10,10,1,0,1,6,31,23,1,0,24.2,1
337,337,22019,203999,21900459,"DEC 25, 2019",DEN vs. NOP,L,31,8,20,0.4,2,5,0.4,5,6,0.833,4,6,10,4,2,0,5,3,23,-13,1,0,21.0,1
338,338,22019,203999,21900451,"DEC 23, 2019",DEN @ PHX,W,31,6,13,0.462,4,7,0.571,6,6,1.0,1,11,12,10,1,0,2,4,22,25,1,1,22.8,0
339,339,22019,203999,21900443,"DEC 22, 2019",DEN @ LAL,W,27,5,8,0.625,1,1,1.0,7,7,1.0,3,3,6,5,1,1,1,3,18,12,1,1,22.8,0
340,340,22019,203999,21900427,"DEC 20, 2019",DEN vs. MIN,W,33,10,16,0.625,2,4,0.5,0,0,0.0,3,7,10,10,0,2,2,4,22,12,1,0,22.2,0
341,341,22019,203999,21900414,"DEC 18, 2019",DEN vs. ORL,W,31,7,14,0.5,2,4,0.5,2,2,1.0,3,6,9,12,1,1,4,2,18,9,1,0,23.2,0
342,342,22019,203999,21900392,"DEC 15, 2019",DEN vs. NYK,W,36,10,22,0.455,2,5,0.4,3,4,0.75,3,7,10,5,1,1,2,1,25,4,1,0,20.6,1
343,343,22019,203999,21900387,"DEC 14, 2019",DEN vs. OKC,W,35,11,14,0.786,3,6,0.5,3,4,0.75,1,13,14,12,1,0,3,2,28,15,1,0,21.0,1
344,344,22019,203999,21900370,"DEC 12, 2019",DEN vs. POR,W,31,7,14,0.5,2,5,0.4,4,6,0.667,4,7,11,6,0,0,1,2,20,3,1,0,22.2,0
345,345,22019,203999,21900353,"DEC 10, 2019",DEN @ PHI,L,33,7,13,0.538,1,4,0.25,0,0,0.0,0,7,7,11,0,1,2,2,15,8,1,1,22.6,0
346,346,22019,203999,21900335,"DEC 08, 2019",DEN @ BKN,L,34,10,21,0.476,2,6,0.333,2,2,1.0,2,9,11,6,0,0,3,3,24,-10,1,1,21.2,1
347,347,22019,203999,21900323,"DEC 06, 2019",DEN @ BOS,L,31,13,21,0.619,1,5,0.2,3,3,1.0,4,6,10,4,1,2,1,3,30,0,1,1,22.4,1
348,348,22019,203999,21900317,"DEC 05, 2019",DEN @ NYK,W,25,3,7,0.429,0,1,0.0,0,0,0.0,1,9,10,8,0,1,0,2,6,10,1,1,23.4,0
349,349,22019,203999,21900304,"DEC 03, 2019",DEN vs. LAL,L,34,4,12,0.333,0,2,0.0,5,6,0.833,1,4,5,8,3,0,5,4,13,-6,1,0,19.0,0
350,350,22019,203999,21900280,"NOV 30, 2019",DEN @ SAC,L,36,3,11,0.273,0,3,0.0,1,2,0.5,3,7,10,6,0,1,4,3,7,-3,1,1,17.6,0
351,351,22019,203999,21900252,"NOV 26, 2019",DEN vs. WAS,W,25,4,8,0.5,0,0,0.0,0,0,0.0,2,18,20,5,0,0,3,3,8,10,1,0,16.0,0
352,352,22019,203999,21900238,"NOV 24, 2019",DEN vs. PHX,W,32,4,9,0.444,0,1,0.0,0,0,0.0,4,9,13,5,2,0,1,2,8,8,1,0,12.8,0
353,353,22019,203999,21900222,"NOV 22, 2019",DEN vs. BOS,W,35,7,17,0.412,0,4,0.0,4,4,1.0,3,13,16,10,3,1,3,2,18,10,1,0,8.4,1
354,354,22019,203999,21900211,"NOV 20, 2019",DEN vs. HOU,W,32,12,19,0.632,2,4,0.5,1,1,1.0,5,7,12,4,0,0,7,5,27,7,1,0,10.8,1
355,355,22019,203999,21900186,"NOV 17, 2019",DEN @ MEM,W,26,4,7,0.571,1,3,0.333,0,0,0.0,0,5,5,8,0,0,2,3,9,22,1,1,13.6,0
356,356,22019,203999,21900166,"NOV 14, 2019",DEN vs. BKN,W,28,8,14,0.571,2,5,0.4,0,0,0.0,2,8,10,3,0,0,0,4,18,-2,1,0,14.0,1
357,357,22019,203999,21900150,"NOV 12, 2019",DEN vs. ATL,L,31,7,19,0.368,1,8,0.125,5,6,0.833,1,5,6,7,3,0,2,2,20,-2,1,0,16.0,1
358,358,22019,203999,21900132,"NOV 10, 2019",DEN @ MIN,W,36,9,23,0.391,1,7,0.143,1,3,0.333,3,3,6,7,1,1,0,4,20,-2,1,1,18.4,1
359,359,22019,203999,21900123,"NOV 08, 2019",DEN vs. PHI,W,38,10,22,0.455,2,9,0.222,4,5,0.8,2,8,10,6,2,2,1,4,26,18,1,0,18.8,1
360,360,22019,203999,21900102,"NOV 05, 2019",DEN vs. MIA,W,23,4,12,0.333,1,4,0.25,0,1,0.0,0,5,5,5,1,1,4,4,9,11,1,0,18.6,0
361,361,22019,203999,21900079,"NOV 02, 2019",DEN @ ORL,W,31,7,14,0.5,3,7,0.429,3,4,0.75,0,7,7,4,0,0,1,2,20,14,1,1,18.6,1
362,362,22019,203999,21900067,"OCT 31, 2019",DEN @ NOP,L,27,5,6,0.833,0,1,0.0,3,3,1.0,0,6,6,6,1,0,2,3,13,-16,1,1,19.0,0
363,363,22019,203999,21900053,"OCT 29, 2019",DEN vs. DAL,L,33,4,8,0.5,0,1,0.0,2,2,1.0,2,8,10,10,3,0,4,3,10,15,1,0,17.6,0
364,364,22019,203999,21900050,"OCT 28, 2019",DEN @ SAC,W,28,4,15,0.267,0,5,0.0,1,1,1.0,3,10,13,2,2,1,2,4,9,-3,1,1,15.6,0
365,365,22019,203999,21900023,"OCT 25, 2019",DEN vs. PHX,W,41,8,18,0.444,0,2,0.0,7,9,0.778,3,11,14,12,1,2,5,4,23,8,1,0,12.2,1
366,366,22019,203999,21900013,"OCT 23, 2019",DEN @ POR,W,24,8,14,0.571,3,5,0.6,1,2,0.5,4,9,13,2,0,0,4,4,20,14,1,1,15.0,1
367,367,22018,203999,21801228,"APR 10, 2019",DEN vs. MIN,W,37,13,26,0.5,1,7,0.143,2,2,1.0,3,11,14,2,3,0,4,4,29,16,1,0,15.0,1
368,368,22018,203999,21801217,"APR 09, 2019",DEN @ UTA,L,16,1,6,0.167,0,0,0.0,0,2,0.0,2,3,5,2,1,1,1,6,2,-15,1,1,18.2,0
369,369,22018,203999,21801190,"APR 05, 2019",DEN vs. POR,W,37,9,15,0.6,1,4,0.25,3,4,0.75,3,10,13,9,2,1,2,3,22,6,1,0,16.6,1
370,370,22018,203999,21801173,"APR 03, 2019",DEN vs. SAS,W,29,9,10,0.9,0,1,0.0,2,3,0.667,0,11,11,9,0,0,5,3,20,18,1,0,19.2,1
371,371,22018,203999,21801164,"APR 02, 2019",DEN @ GSW,L,28,4,10,0.4,0,3,0.0,2,3,0.667,2,3,5,6,4,0,6,1,10,-10,1,1,18.6,0
372,372,22018,203999,21801148,"MAR 31, 2019",DEN vs. WAS,L,30,11,15,0.733,0,2,0.0,1,3,0.333,2,12,14,4,2,1,2,3,23,1,1,0,16.6,1
373,373,22018,203999,21801133,"MAR 29, 2019",DEN @ OKC,W,34,10,16,0.625,1,3,0.333,2,2,1.0,2,14,16,3,1,0,2,3,23,7,1,1,15.4,1
374,374,22018,203999,21801126,"MAR 28, 2019",DEN @ HOU,L,25,7,14,0.5,0,0,0.0,2,2,1.0,3,5,8,6,0,2,2,3,16,-1,1,1,19.6,0
375,375,22018,203999,21801115,"MAR 26, 2019",DEN vs. DET,W,33,10,24,0.417,0,5,0.0,3,5,0.6,3,12,15,2,0,0,3,3,23,-9,1,0,18.4,1
376,376,22018,203999,21801097,"MAR 24, 2019",DEN @ IND,L,30,8,16,0.5,1,3,0.333,2,2,1.0,3,8,11,8,1,4,1,2,19,-19,1,1,19.0,0
377,377,22018,203999,21801082,"MAR 22, 2019",DEN @ NYK,W,28,8,20,0.4,1,3,0.333,4,6,0.667,4,13,17,5,0,0,1,3,21,17,1,1,20.8,1
378,378,22018,203999,21801075,"MAR 21, 2019",DEN @ WAS,W,35,6,12,0.5,2,4,0.5,1,1,1.0,3,3,6,11,0,0,1,1,15,-10,1,1,20.4,0
379,379,22018,203999,21801052,"MAR 18, 2019",DEN @ BOS,W,36,9,14,0.643,3,7,0.429,0,0,0.0,2,11,13,7,2,3,3,2,21,15,1,1,18.8,1
380,380,22018,203999,21801040,"MAR 16, 2019",DEN vs. IND,W,34,11,21,0.524,2,7,0.286,2,2,1.0,3,4,7,5,0,0,4,3,26,5,1,0,19.8,1
381,381,22018,203999,21801025,"MAR 14, 2019",DEN vs. DAL,W,30,4,9,0.444,0,2,0.0,3,4,0.75,2,12,14,8,0,1,2,1,11,-12,1,0,20.4,0
382,382,22018,203999,21801012,"MAR 12, 2019",DEN vs. MIN,W,26,9,14,0.643,0,0,0.0,0,0,0.0,4,4,8,7,0,1,4,4,18,2,1,0,18.8,0
383,383,22018,203999,21800984,"MAR 08, 2019",DEN @ GSW,L,29,5,10,0.5,1,1,1.0,5,8,0.625,3,3,6,4,4,1,2,2,16,-29,1,1,18.2,0
384,384,22018,203999,21800974,"MAR 06, 2019",DEN @ LAL,W,35,3,5,0.6,0,1,0.0,6,8,0.75,4,13,17,8,3,0,2,1,12,16,1,1,18.4,0
385,385,22018,203999,21800954,"MAR 04, 2019",DEN @ SAS,L,38,10,14,0.714,2,2,1.0,0,0,0.0,4,6,10,6,0,0,3,2,22,10,1,1,16.6,1
386,386,22018,203999,21800941,"MAR 02, 2019",DEN vs. NOP,L,22,7,11,0.636,1,2,0.5,5,6,0.833,4,5,9,7,2,2,2,4,20,6,1,0,15.8,1
387,387,22018,203999,21800926,"FEB 28, 2019",DEN vs. UTA,L,32,5,15,0.333,0,1,0.0,6,7,0.857,6,7,13,7,0,0,5,5,16,2,1,0,17.6,0
388,388,22018,203999,21800910,"FEB 26, 2019",DEN vs. OKC,W,35,11,25,0.44,4,7,0.571,10,13,0.769,1,8,9,10,0,1,2,2,36,22,1,0,17.2,1
389,389,22018,203999,21800895,"FEB 24, 2019",DEN vs. LAC,W,28,9,16,0.563,0,2,0.0,4,6,0.667,3,13,16,3,3,1,6,5,22,14,1,0,21.2,1
390,390,22018,203999,21800880,"FEB 22, 2019",DEN @ DAL,W,30,7,16,0.438,1,2,0.5,4,4,1.0,5,8,13,8,1,0,4,4,19,3,1,1,23.2,0
391,391,22018,203999,21800860,"FEB 13, 2019",DEN vs. SAC,W,36,7,17,0.412,0,2,0.0,6,6,1.0,4,14,18,11,1,0,4,1,20,2,1,0,22.6,0
392,392,22018,203999,21800847,"FEB 11, 2019",DEN vs. MIA,W,36,7,16,0.438,3,3,1.0,6,7,0.857,0,12,12,4,0,0,7,3,23,16,1,0,22.6,1
393,393,22018,203999,21800818,"FEB 08, 2019",DEN @ PHI,L,35,11,22,0.5,1,5,0.2,4,4,1.0,2,8,10,10,3,0,4,2,27,2,1,1,24.0,1
394,394,22018,203999,21800804,"FEB 06, 2019",DEN @ BKN,L,34,8,13,0.615,1,3,0.333,8,10,0.8,2,12,14,10,1,1,2,3,25,5,1,1,22.2,1
395,395,22018,203999,21800790,"FEB 04, 2019",DEN @ DET,L,26,7,17,0.412,0,3,0.0,2,3,0.667,1,2,3,4,3,0,3,4,16,-16,1,1,22.8,0
396,396,22018,203999,21800783,"FEB 02, 2019",DEN @ MIN,W,29,4,13,0.308,0,2,0.0,5,8,0.625,8,8,16,10,0,0,5,4,13,-1,1,1,22.2,0
397,397,22018,203999,21800774,"FEB 01, 2019",DEN vs. HOU,W,31,12,15,0.8,1,2,0.5,6,6,1.0,4,9,13,9,1,0,2,4,31,14,1,0,20.8,1
398,398,22018,203999,21800761,"JAN 30, 2019",DEN @ NOP,W,37,9,16,0.563,0,2,0.0,2,2,1.0,1,12,13,10,3,2,2,2,20,17,1,1,22.4,0
399,399,22018,203999,21800747,"JAN 28, 2019",DEN @ MEM,W,35,10,20,0.5,1,8,0.125,3,3,1.0,1,4,5,3,4,0,4,3,24,5,1,1,21.0,1
400,400,22018,203999,21800733,"JAN 26, 2019",DEN vs. PHI,W,34,12,22,0.545,2,3,0.667,6,7,0.857,6,12,18,10,1,0,1,1,32,16,1,0,20.8,1
401,401,22018,203999,21800715,"JAN 23, 2019",DEN @ UTA,L,37,10,21,0.476,1,7,0.143,7,7,1.0,3,18,21,6,2,1,3,5,28,-11,1,1,24.0,1
402,402,22018,203999,21800687,"JAN 19, 2019",DEN vs. CLE,W,28,8,12,0.667,3,6,0.5,0,1,0.0,3,8,11,12,1,0,1,3,19,21,1,0,27.0,0
403,403,22018,203999,21800669,"JAN 17, 2019",DEN vs. CHI,W,25,6,18,0.333,0,3,0.0,6,6,1.0,4,4,8,11,1,1,2,3,18,26,1,0,24.6,0
404,404,22018,203999,21800655,"JAN 15, 2019",DEN vs. GSW,L,23,6,12,0.5,0,1,0.0,5,5,1.0,1,3,4,8,0,0,3,3,17,-21,1,0,24.2,0
405,405,22018,203999,21800643,"JAN 13, 2019",DEN vs. POR,W,37,15,23,0.652,4,7,0.571,6,8,0.75,1,9,10,8,0,0,3,4,40,17,1,0,22.8,1
406,406,22018,203999,21800635,"JAN 12, 2019",DEN @ PHX,L,34,8,15,0.533,1,4,0.25,6,7,0.857,1,9,10,4,0,1,2,0,23,8,1,1,24.4,0
407,407,22018,203999,21800618,"JAN 10, 2019",DEN vs. LAC,W,28,8,19,0.421,0,5,0.0,2,3,0.667,5,9,14,10,0,2,1,3,18,6,1,0,23.4,0
408,408,22018,203999,21800601,"JAN 08, 2019",DEN @ MIA,W,40,11,21,0.524,1,2,0.5,6,6,1.0,3,8,11,10,1,0,3,3,29,9,1,1,23.2,1
409,409,22018,203999,21800593,"JAN 07, 2019",DEN @ HOU,L,28,11,20,0.55,1,1,1.0,1,1,1.0,5,8,13,4,2,1,8,2,24,-22,1,1,25.4,0
410,410,22018,203999,21800576,"JAN 05, 2019",DEN vs. CHA,W,34,16,29,0.552,3,9,0.333,4,5,0.8,8,4,12,6,3,1,2,1,39,8,1,0,26.8,1
411,411,22018,203999,21800564,"JAN 03, 2019",DEN @ SAC,W,32,10,18,0.556,3,8,0.375,3,4,0.75,3,10,13,6,1,1,5,1,26,12,1,1,26.6,0
412,412,22018,203999,21800551,"JAN 01, 2019",DEN vs. NYK,W,34,8,16,0.5,1,2,0.5,2,3,0.667,6,8,14,15,1,3,5,3,19,6,1,0,27.2,0
413,413,22018,203999,21800533,"DEC 29, 2018",DEN @ PHX,W,38,8,11,0.727,0,2,0.0,7,8,0.875,1,7,8,9,3,1,4,3,23,12,1,1,27.4,0
414,414,22018,203999,21800524,"DEC 28, 2018",DEN vs. SAS,W,37,10,14,0.714,1,4,0.25,0,0,0.0,0,9,9,9,0,0,6,6,21,3,1,0,26.2,0
415,415,22018,203999,21800510,"DEC 26, 2018",DEN @ SAS,L,31,1,5,0.2,1,1,1.0,1,2,0.5,2,2,4,10,2,0,5,1,4,-9,1,1,25.6,0
416,416,22018,203999,21800479,"DEC 22, 2018",DEN @ LAC,L,21,7,15,0.467,2,2,1.0,3,3,1.0,2,4,6,3,0,1,4,2,19,-16,1,1,18.6,1
417,417,22018,203999,21800454,"DEC 18, 2018",DEN vs. DAL,W,35,13,25,0.52,2,6,0.333,4,4,1.0,6,10,16,4,3,1,5,4,32,15,1,0,17.2,1
418,418,22018,203999,21800442,"DEC 16, 2018",DEN vs. TOR,W,35,11,19,0.579,0,1,0.0,4,5,0.8,4,6,10,4,2,0,3,0,26,1,1,0,19.8,1
419,419,22018,203999,21800426,"DEC 14, 2018",DEN vs. OKC,W,36,8,16,0.5,2,4,0.5,6,6,1.0,3,12,15,9,3,0,6,3,24,10,1,0,20.4,1
420,420,22018,203999,21800398,"DEC 10, 2018",DEN vs. MEM,W,38,9,14,0.643,1,2,0.5,8,9,0.889,3,9,12,6,2,0,3,3,27,6,1,0,21.0,1
421,421,22018,203999,21800380,"DEC 08, 2018",DEN @ ATL,L,33,9,17,0.529,0,2,0.0,6,7,0.857,4,7,11,7,2,0,1,1,24,-6,1,1,25.6,0
422,422,22018,203999,21800368,"DEC 07, 2018",DEN @ CHA,L,33,6,18,0.333,0,6,0.0,4,5,0.8,4,7,11,6,1,2,4,5,16,8,1,1,26.6,0
423,423,22018,203999,21800356,"DEC 05, 2018",DEN @ ORL,W,35,5,13,0.385,1,3,0.333,1,2,0.5,0,8,8,13,1,0,1,3,12,10,1,1,23.4,0
424,424,22018,203999,21800347,"DEC 03, 2018",DEN @ TOR,W,36,8,13,0.615,0,1,0.0,7,8,0.875,4,7,11,15,2,0,2,1,23,14,1,1,20.6,1
425,425,22018,203999,21800329,"NOV 30, 2018",DEN @ POR,W,32,7,12,0.583,0,2,0.0,1,1,1.0,3,3,6,7,1,1,1,3,15,2,1,1,20.4,0
426,426,22018,203999,21800304,"NOV 27, 2018",DEN vs. LAL,W,23,5,14,0.357,2,4,0.5,2,2,1.0,0,7,7,7,1,1,3,1,14,14,1,0,18.0,0
427,427,22018,203999,21800282,"NOV 24, 2018",DEN @ OKC,W,27,6,20,0.3,0,7,0.0,4,5,0.8,2,4,6,5,0,1,4,4,16,15,1,1,16.0,0
428,428,22018,203999,21800276,"NOV 23, 2018",DEN vs. ORL,W,23,2,7,0.286,0,3,0.0,2,2,1.0,3,7,10,11,2,0,0,4,6,7,1,0,16.0,0
429,429,22018,203999,21800260,"NOV 21, 2018",DEN @ MIN,W,37,3,13,0.231,1,5,0.2,0,0,0.0,2,10,12,10,1,0,3,4,7,4,1,1,14.8,0
430,430,22018,203999,21800245,"NOV 19, 2018",DEN @ MIL,L,33,8,18,0.444,3,8,0.375,1,1,1.0,3,2,5,5,1,0,3,1,20,-16,1,1,11.6,1
431,431,22018,203999,21800228,"NOV 17, 2018",DEN @ NOP,L,34,10,20,0.5,2,8,0.25,3,4,0.75,3,7,10,8,1,0,1,2,25,-11,1,1,12.6,1
432,432,22018,203999,21800214,"NOV 15, 2018",DEN vs. ATL,W,25,5,11,0.455,1,2,0.5,1,2,0.5,1,8,9,7,4,1,2,3,12,37,1,0,14.8,0
433,433,22018,203999,21800200,"NOV 13, 2018",DEN vs. HOU,L,33,6,14,0.429,0,1,0.0,2,3,0.667,4,8,12,7,2,0,3,3,14,-14,1,0,14.0,0
434,434,22018,203999,21800187,"NOV 11, 2018",DEN vs. MIL,L,29,7,14,0.5,4,8,0.5,2,2,1.0,1,5,6,6,1,1,3,1,20,-17,1,0,15.6,1
435,435,22018,203999,21800171,"NOV 09, 2018",DEN vs. BKN,L,33,14,22,0.636,1,1,1.0,8,10,0.8,7,14,21,3,1,2,6,5,37,5,1,0,18.2,1
436,436,22018,203999,21800158,"NOV 07, 2018",DEN @ MEM,L,26,0,1,0.0,0,1,0.0,4,4,1.0,1,6,7,4,3,0,6,5,4,0,1,1,21.6,0
437,437,22018,203999,21800145,"NOV 05, 2018",DEN vs. BOS,W,27,2,3,0.667,0,0,0.0,4,6,0.667,2,8,10,8,0,0,3,4,8,-4,1,0,17.4,0
438,438,22018,203999,21800131,"NOV 03, 2018",DEN vs. UTA,W,29,3,9,0.333,0,3,0.0,1,2,0.5,3,7,10,16,1,0,4,2,7,8,1,0,16.6,0
439,439,22018,203999,21800112,"NOV 01, 2018",DEN @ CLE,W,22,2,5,0.4,0,1,0.0,0,0,0.0,1,5,6,3,1,1,2,2,4,9,1,1,15.2,0
440,440,22018,203999,21800106,"OCT 31, 2018",DEN @ CHI,W,33,9,20,0.45,3,6,0.5,1,1,1.0,5,7,12,9,2,3,6,2,22,4,1,1,12.0,1
441,441,22018,203999,21800095,"OCT 29, 2018",DEN vs. NOP,W,29,3,8,0.375,2,4,0.5,4,4,1.0,1,8,9,10,0,2,0,4,12,5,1,0,9.0,1
442,442,22018,203999,21800066,"OCT 25, 2018",DEN @ LAL,L,33,9,17,0.529,1,5,0.2,5,5,1.0,3,8,11,3,1,1,6,5,24,-5,1,1,10.6,1
443,443,22018,203999,21800051,"OCT 23, 2018",DEN vs. SAC,W,23,6,11,0.545,1,2,0.5,1,1,1.0,2,10,12,6,1,0,3,4,14,18,1,0,13.8,1
444,444,22018,203999,21800038,"OCT 21, 2018",DEN vs. GSW,W,32,7,14,0.5,0,1,0.0,9,12,0.75,3,8,11,6,0,0,2,2,23,-4,1,0,15.2,1
445,445,22018,203999,21800033,"OCT 20, 2018",DEN vs. PHX,W,31,11,11,1.0,3,3,1.0,10,11,0.909,0,11,11,11,4,1,0,3,35,29,1,0,19.0,1
446,446,22018,203999,21800012,"OCT 17, 2018",DEN @ LAC,W,34,6,13,0.462,1,4,0.25,8,10,0.8,2,6,8,5,1,2,2,4,21,8,1,1,21.6,0
447,447,22017,203999,21701225,"APR 11, 2018",DEN @ MIN,L,46,14,25,0.56,4,7,0.571,3,4,0.75,2,8,10,3,1,0,3,4,35,7,1,1,23.4,1
448,448,22017,203999,21701211,"APR 09, 2018",DEN vs. POR,W,38,5,14,0.357,1,4,0.25,4,4,1.0,2,18,20,11,2,1,2,2,15,18,2,0,25.6,0
449,449,22017,203999,21701191,"APR 07, 2018",DEN @ LAC,W,34,9,14,0.643,1,2,0.5,4,5,0.8,2,9,11,11,2,1,2,2,23,11,1,1,25.8,0
450,450,22017,203999,21701180,"APR 05, 2018",DEN vs. MIN,W,36,6,20,0.3,1,6,0.167,3,3,1.0,3,11,14,9,1,1,2,5,16,1,1,0,25.8,0
451,451,22017,203999,21701165,"APR 03, 2018",DEN vs. IND,W,38,11,17,0.647,4,6,0.667,4,6,0.667,1,5,6,7,4,1,4,3,30,9,1,0,22.0,1
452,452,22017,203999,21701152,"APR 01, 2018",DEN vs. MIL,W,44,14,24,0.583,2,5,0.4,5,5,1.0,1,12,13,5,0,3,4,4,35,5,1,0,23.8,1
453,453,22017,203999,21701133,"MAR 30, 2018",DEN @ OKC,W,41,11,22,0.5,1,6,0.167,0,0,0.0,1,15,16,6,1,2,4,3,23,11,1,1,23.8,0
454,454,22017,203999,21701109,"MAR 27, 2018",DEN @ TOR,L,40,11,21,0.524,3,7,0.429,4,4,1.0,6,10,16,8,2,1,3,2,29,4,1,1,25.4,1
455,455,22017,203999,21701105,"MAR 26, 2018",DEN @ PHI,L,31,4,14,0.286,1,2,0.5,5,6,0.833,3,4,7,4,1,1,2,4,14,-6,1,1,26.6,0
456,456,22017,203999,21701079,"MAR 23, 2018",DEN @ WAS,W,37,10,21,0.476,3,6,0.5,2,2,1.0,0,8,8,5,0,1,2,2,25,12,1,1,26.2,0
457,457,22017,203999,21701069,"MAR 21, 2018",DEN @ CHI,W,24,9,11,0.818,2,2,1.0,1,1,1.0,2,5,7,5,0,0,1,1,21,18,1,1,25.2,0
458,458,22017,203999,21701054,"MAR 19, 2018",DEN @ MIA,L,48,12,22,0.545,4,5,0.8,6,6,1.0,5,10,15,3,1,0,5,5,34,1,1,1,22.4,1
459,459,22017,203999,21701040,"MAR 17, 2018",DEN @ MEM,L,35,5,15,0.333,1,4,0.25,6,8,0.75,5,8,13,2,3,2,1,3,17,-1,1,1,24.6,0
460,460,22017,203999,21701026,"MAR 15, 2018",DEN vs. DET,W,38,8,15,0.533,2,5,0.4,5,6,0.833,2,10,12,10,3,3,2,5,23,15,1,0,22.2,1
461,461,22017,203999,21701015,"MAR 13, 2018",DEN @ LAL,L,27,5,8,0.625,2,5,0.4,3,3,1.0,1,8,9,5,1,0,4,3,15,5,1,1,24.0,0
462,462,22017,203999,21700996,"MAR 11, 2018",DEN vs. SAC,W,30,8,10,0.8,4,4,1.0,0,0,0.0,0,11,11,10,2,1,2,1,20,33,1,0,22.0,0
463,463,22017,203999,21700983,"MAR 09, 2018",DEN vs. LAL,W,33,8,14,0.571,1,3,0.333,4,4,1.0,3,3,6,6,2,0,3,2,21,13,1,0,21.8,0
464,464,22017,203999,21700970,"MAR 07, 2018",DEN vs. CLE,L,33,12,14,0.857,2,3,0.667,10,11,0.909,4,9,13,6,0,0,5,2,36,1,1,0,19.2,1
465,465,22017,203999,21700961,"MAR 06, 2018",DEN @ DAL,L,26,2,9,0.222,0,4,0.0,0,1,0.0,1,8,9,5,2,1,1,0,4,-8,1,1,23.0,0
466,466,22017,203999,21700937,"MAR 03, 2018",DEN @ CLE,W,32,3,8,0.375,1,2,0.5,2,3,0.667,1,6,7,8,0,1,2,2,9,12,1,1,19.2,0
467,467,22017,203999,21700931,"MAR 02, 2018",DEN @ MEM,W,33,2,5,0.4,0,1,0.0,5,7,0.714,1,8,9,5,1,0,5,5,9,6,1,1,18.0,0
468,468,22017,203999,21700912,"FEB 27, 2018",DEN vs. LAC,L,28,4,5,0.8,2,3,0.667,8,8,1.0,0,6,6,4,1,1,5,4,18,6,1,0,15.8,1
469,469,22017,203999,21700896,"FEB 25, 2018",DEN vs. HOU,L,31,7,18,0.389,0,1,0.0,7,9,0.778,7,7,14,8,1,1,3,4,21,-9,1,0,15.2,1
470,470,22017,203999,21700880,"FEB 23, 2018",DEN vs. SAS,W,34,10,16,0.625,3,5,0.6,5,7,0.714,4,7,11,11,0,0,3,6,28,9,1,0,12.2,1
471,471,22017,203999,21700865,"FEB 15, 2018",DEN @ MIL,W,34,11,14,0.786,3,3,1.0,5,5,1.0,4,11,15,17,1,2,8,5,30,11,1,1,17.0,1
472,472,22017,203999,21700852,"FEB 13, 2018",DEN vs. SAS,W,33,8,15,0.533,2,5,0.4,5,6,0.833,5,8,13,11,0,1,1,0,23,11,1,0,21.2,1
473,473,22017,203999,21700832,"FEB 10, 2018",DEN @ PHX,W,27,5,12,0.417,1,2,0.5,10,11,0.909,1,8,9,8,1,1,2,3,21,5,1,1,24.0,0
474,474,22017,203999,21700823,"FEB 09, 2018",DEN @ HOU,L,22,6,8,0.75,1,1,1.0,1,2,0.5,1,6,7,5,2,1,1,4,14,-24,1,1,24.6,0
475,475,22017,203999,21700794,"FEB 05, 2018",DEN vs. CHA,W,32,5,11,0.455,2,4,0.5,3,3,1.0,3,13,16,7,2,0,3,3,15,15,1,0,23.2,0
476,476,22017,203999,21700782,"FEB 03, 2018",DEN vs. GSW,W,33,7,16,0.438,2,3,0.667,3,3,1.0,3,6,9,5,2,0,4,2,19,0,1,0,20.6,0
477,477,22017,203999,21700765,"FEB 01, 2018",DEN vs. OKC,W,37,11,18,0.611,2,5,0.4,5,6,0.833,3,10,13,14,1,2,2,3,29,5,1,0,18.4,1
478,478,22017,203999,21700750,"JAN 30, 2018",DEN @ SAS,L,34,6,11,0.545,1,2,0.5,0,0,0.0,2,5,7,8,0,0,5,3,13,-8,1,1,19.6,0
479,479,22017,203999,21700743,"JAN 29, 2018",DEN vs. BOS,L,35,8,17,0.471,2,5,0.4,6,7,0.857,4,7,11,5,0,0,2,2,24,10,1,0,18.0,1
480,480,22017,203999,21700730,"JAN 27, 2018",DEN vs. DAL,W,40,5,13,0.385,1,6,0.167,0,1,0.0,1,15,16,11,0,2,3,3,11,9,1,0,20.0,0
481,481,22017,203999,21700712,"JAN 25, 2018",DEN vs. NYK,W,35,5,9,0.556,1,2,0.5,7,9,0.778,1,6,7,10,0,0,1,4,18,12,1,0,19.2,0
482,482,22017,203999,21700694,"JAN 22, 2018",DEN vs. POR,W,33,5,17,0.294,2,5,0.4,4,7,0.571,4,8,12,5,1,1,3,4,16,9,1,0,19.0,0
483,483,22017,203999,21700671,"JAN 19, 2018",DEN vs. PHX,L,35,5,12,0.417,2,3,0.667,2,2,1.0,3,14,17,5,0,0,6,4,14,-1,1,0,16.4,0
484,484,22017,203999,21700662,"JAN 17, 2018",DEN @ LAC,L,34,7,18,0.389,1,8,0.125,3,4,0.75,1,7,8,2,1,2,1,4,18,-10,1,1,16.6,1
485,485,22017,203999,21700651,"JAN 16, 2018",DEN vs. DAL,W,33,11,23,0.478,0,2,0.0,7,10,0.7,9,9,18,7,2,1,5,5,29,-2,2,0,15.4,1
486,486,22017,203999,21700633,"JAN 13, 2018",DEN @ SAS,L,30,8,13,0.615,3,6,0.5,4,4,1.0,3,6,9,7,2,0,2,2,23,-18,1,1,19.0,1
487,487,22017,203999,21700625,"JAN 12, 2018",DEN vs. MEM,W,28,3,8,0.375,1,3,0.333,7,8,0.875,2,5,7,3,0,0,1,3,14,8,1,0,20.0,0
488,488,22017,203999,21700612,"JAN 10, 2018",DEN vs. ATL,L,32,4,21,0.19,0,8,0.0,1,2,0.5,6,6,12,7,2,3,2,3,9,-14,1,0,19.6,0
489,489,22017,203999,21700597,"JAN 08, 2018",DEN @ GSW,L,36,9,16,0.563,1,1,1.0,3,3,1.0,4,8,12,11,3,1,6,3,22,2,1,1,18.6,1
490,490,22017,203999,21700585,"JAN 06, 2018",DEN @ SAC,L,34,3,10,0.3,0,4,0.0,2,2,1.0,1,6,7,10,0,0,5,3,8,-13,1,1,19.4,0
491,491,22017,203999,21700574,"JAN 05, 2018",DEN vs. UTA,W,32,3,13,0.231,1,4,0.25,1,2,0.5,2,8,10,4,1,0,2,3,8,6,1,0,15.2,0
492,492,22017,203999,21700563,"JAN 03, 2018",DEN vs. PHX,W,36,4,6,0.667,1,1,1.0,5,5,1.0,1,8,9,8,2,0,6,3,14,24,1,0,12.2,1
493,493,22017,203999,21700536,"DEC 30, 2017",DEN vs. PHI,L,37,5,14,0.357,1,5,0.2,8,9,0.889,5,8,13,6,1,3,2,0,19,14,1,0,12.2,1
494,494,22017,203999,21700510,"DEC 27, 2017",DEN @ MIN,L,41,5,11,0.455,1,3,0.333,11,12,0.917,1,8,9,4,2,1,2,3,22,1,1,1,14.2,1
495,495,22017,203999,21700503,"DEC 26, 2017",DEN vs. UTA,W,26,4,10,0.4,1,3,0.333,4,4,1.0,2,5,7,5,1,0,1,5,13,11,1,0,14.2,0
496,496,22017,203999,21700489,"DEC 23, 2017",DEN @ GSW,W,37,9,16,0.563,0,3,0.0,0,0,0.0,3,6,9,4,1,1,2,0,18,17,1,1,15.2,1
497,497,22017,203999,21700478,"DEC 22, 2017",DEN @ POR,W,37,12,21,0.571,2,6,0.333,1,1,1.0,3,6,9,6,0,2,4,4,27,29,1,1,17.2,1
498,498,22017,203999,21700462,"DEC 20, 2017",DEN vs. MIN,L,36,6,12,0.5,2,6,0.333,8,9,0.889,0,6,6,4,0,2,10,3,22,-1,2,0,19.8,1
499,499,22017,203999,21700447,"DEC 18, 2017",DEN @ OKC,L,25,5,9,0.556,0,2,0.0,3,4,0.75,2,7,9,2,2,0,1,2,13,3,1,1,20.4,0
500,500,22017,203999,21700427,"DEC 15, 2017",DEN vs. NOP,W,22,6,13,0.462,1,2,0.5,0,0,0.0,3,8,11,4,0,0,1,2,13,-4,2,0,18.6,0
501,501,22017,203999,21700315,"NOV 30, 2017",DEN vs. CHI,W,16,3,6,0.5,0,0,0.0,2,2,1.0,2,2,4,4,0,0,0,1,8,-6,1,0,18.6,0
502,502,22017,203999,21700301,"NOV 28, 2017",DEN @ UTA,L,26,3,7,0.429,1,3,0.333,0,0,0.0,0,6,6,6,1,1,2,1,7,-20,1,1,16.6,0
503,503,22017,203999,21700274,"NOV 24, 2017",DEN vs. MEM,W,36,11,17,0.647,2,5,0.4,4,6,0.667,5,8,13,8,2,0,5,4,28,17,2,0,12.6,1
504,504,22017,203999,21700259,"NOV 22, 2017",DEN @ HOU,L,26,7,14,0.5,1,2,0.5,2,3,0.667,2,4,6,3,2,1,2,2,17,-12,2,1,13.8,1
505,505,22017,203999,21700251,"NOV 20, 2017",DEN @ SAC,W,35,7,12,0.583,2,6,0.333,0,0,0.0,4,10,14,3,1,1,2,0,16,24,1,1,14.6,1
506,506,22017,203999,21700240,"NOV 19, 2017",DEN @ LAL,L,12,1,5,0.2,0,0,0.0,4,4,1.0,4,2,6,1,1,0,2,2,6,-16,1,1,15.2,0
507,507,22017,203999,21700226,"NOV 17, 2017",DEN vs. NOP,W,27,3,5,0.6,1,2,0.5,6,6,1.0,3,8,11,6,0,1,2,3,13,23,1,0,14.8,0
508,508,22017,203999,21700198,"NOV 13, 2017",DEN @ POR,L,35,2,9,0.222,1,4,0.25,1,2,0.5,0,7,7,3,3,1,3,2,6,0,1,1,16.0,0
509,509,22017,203999,21700185,"NOV 11, 2017",DEN vs. ORL,W,38,3,8,0.375,1,1,1.0,5,6,0.833,5,12,17,9,4,1,1,2,12,25,1,0,11.6,1
510,510,22017,203999,21700168,"NOV 09, 2017",DEN vs. OKC,W,28,7,16,0.438,1,5,0.2,0,0,0.0,3,8,11,3,1,0,3,4,15,5,1,0,10.6,1
511,511,22017,203999,21700155,"NOV 07, 2017",DEN vs. BKN,W,31,16,25,0.64,4,9,0.444,5,6,0.833,2,10,12,5,2,2,1,6,41,25,1,0,10.4,1
512,512,22017,203999,21700135,"NOV 04, 2017",DEN vs. GSW,L,20,2,6,0.333,0,0,0.0,4,4,1.0,1,6,7,3,2,0,1,1,8,-16,1,0,17.4,0
513,513,22017,203999,21700127,"NOV 03, 2017",DEN vs. MIA,W,34,8,15,0.533,2,6,0.333,1,1,1.0,5,9,14,2,4,1,1,4,19,-5,1,0,16.4,1
514,514,22017,203999,21700114,"NOV 01, 2017",DEN vs. TOR,W,31,4,10,0.4,0,3,0.0,0,0,0.0,3,13,16,10,1,2,0,2,8,20,2,0,19.0,0
515,515,22017,203999,21700094,"OCT 30, 2017",DEN @ NYK,L,30,9,15,0.6,6,10,0.6,4,6,0.667,3,5,8,2,1,1,2,1,28,5,1,1,18.2,1
516,516,22017,203999,21700087,"OCT 29, 2017",DEN @ BKN,W,29,9,16,0.563,1,3,0.333,2,2,1.0,1,13,14,4,1,1,1,3,21,7,1,1,20.8,1
517,517,22017,203999,21700072,"OCT 27, 2017",DEN @ ATL,W,34,8,16,0.5,0,1,0.0,2,2,1.0,4,11,15,5,1,0,2,0,18,8,1,1,16.8,1
518,518,22017,203999,21700055,"OCT 25, 2017",DEN @ CHA,L,30,8,12,0.667,1,1,1.0,1,1,1.0,6,6,12,0,0,0,2,3,18,-19,1,1,18.8,0
519,519,22017,203999,21700047,"OCT 23, 2017",DEN vs. WAS,L,35,9,14,0.643,3,3,1.0,8,8,1.0,2,7,9,5,1,0,7,4,29,-1,1,0,18.6,1
520,520,22017,203999,21700035,"OCT 21, 2017",DEN vs. SAC,W,30,0,3,0.0,0,1,0.0,0,0,0.0,0,9,9,7,1,0,3,4,0,21,1,0,22.8,0
521,521,22017,203999,21700010,"OCT 18, 2017",DEN @ UTA,L,36,3,10,0.3,1,4,0.25,0,0,0.0,0,12,12,7,0,0,4,1,7,-9,1,1,17.2,0
522,522,22016,203999,21601225,"APR 12, 2017",DEN @ OKC,W,40,9,14,0.643,0,0,0.0,11,14,0.786,2,14,16,8,1,5,4,4,29,9,1,1,14.4,1
523,523,22016,203999,21601214,"APR 11, 2017",DEN @ DAL,W,20,3,6,0.5,1,3,0.333,0,0,0.0,1,7,8,4,0,0,1,2,7,-7,1,1,16.6,0
524,524,22016,203999,21601198,"APR 09, 2017",DEN vs. OKC,L,31,8,16,0.5,1,5,0.2,6,6,1.0,1,5,6,3,1,1,3,5,23,-3,1,0,14.4,1
525,525,22016,203999,21601184,"APR 07, 2017",DEN vs. NOP,W,29,9,13,0.692,2,2,1.0,3,4,0.75,3,9,12,5,2,0,7,1,23,18,1,0,13.2,1
526,526,22016,203999,21601168,"APR 05, 2017",DEN @ HOU,L,34,6,17,0.353,0,5,0.0,0,0,0.0,3,16,19,9,5,1,2,3,12,8,1,1,17.8,0
527,527,22016,203999,21601158,"APR 04, 2017",DEN @ NOP,W,34,10,18,0.556,0,2,0.0,1,2,0.5,4,8,12,4,0,0,1,2,21,-8,1,1,18.8,1
528,528,22016,203999,21601149,"APR 02, 2017",DEN @ MIA,W,35,9,16,0.563,0,2,0.0,1,1,1.0,1,9,10,7,2,0,1,2,19,16,1,1,17.2,1
529,529,22016,203999,21601127,"MAR 31, 2017",DEN @ CHA,L,37,11,16,0.688,2,3,0.667,2,3,0.667,3,10,13,10,0,0,2,4,26,3,1,1,19.6,1
530,530,22016,203999,21601109,"MAR 28, 2017",DEN @ POR,L,36,7,14,0.5,1,6,0.167,2,2,1.0,3,5,8,8,0,2,3,4,17,-8,1,1,20.2,0
531,531,22016,203999,21601095,"MAR 26, 2017",DEN vs. NOP,L,18,4,14,0.286,0,3,0.0,0,0,0.0,3,10,13,2,0,0,0,3,8,-6,1,0,19.0,0
532,532,22016,203999,21601075,"MAR 24, 2017",DEN @ IND,W,34,12,18,0.667,1,2,0.5,5,5,1.0,4,12,16,5,1,0,4,2,30,9,1,1,18.2,1
533,533,22016,203999,21601064,"MAR 22, 2017",DEN vs. CLE,W,29,8,10,0.8,0,0,0.0,0,0,0.0,2,8,10,7,0,0,3,2,16,5,1,0,20.0,0
534,534,22016,203999,21601048,"MAR 20, 2017",DEN @ HOU,L,40,7,14,0.5,0,3,0.0,8,8,1.0,1,12,13,8,0,1,5,3,22,-9,1,1,19.4,1
535,535,22016,203999,21601034,"MAR 18, 2017",DEN vs. HOU,L,22,7,14,0.5,1,2,0.5,1,1,1.0,2,3,5,4,0,1,3,5,16,6,1,0,18.6,0
536,536,22016,203999,21601018,"MAR 16, 2017",DEN vs. LAC,W,30,7,12,0.583,0,1,0.0,3,3,1.0,3,11,14,10,0,0,2,2,17,7,1,0,18.4,0
537,537,22016,203999,21600998,"MAR 13, 2017",DEN vs. LAL,W,24,8,13,0.615,0,3,0.0,2,2,1.0,1,8,9,4,1,0,1,2,18,16,1,0,20.2,0
538,538,22016,203999,21600984,"MAR 11, 2017",DEN @ SAC,W,30,7,12,0.583,1,3,0.333,5,5,1.0,3,11,14,2,2,0,2,1,20,14,1,1,17.8,1
539,539,22016,203999,21600970,"MAR 10, 2017",DEN vs. BOS,W,27,8,10,0.8,1,2,0.5,4,6,0.667,3,7,10,7,4,1,7,4,21,8,1,0,18.6,1
540,540,22016,203999,21600923,"MAR 04, 2017",DEN vs. CHA,L,33,13,15,0.867,0,0,0.0,5,8,0.625,3,11,14,4,1,0,4,1,31,-1,1,0,18.4,1
541,541,22016,203999,21600899,"MAR 01, 2017",DEN @ MIL,W,30,6,10,0.6,0,0,0.0,1,2,0.5,4,10,14,10,1,0,3,1,13,17,1,1,21.4,0
542,542,22016,203999,21600891,"FEB 28, 2017",DEN @ CHI,W,33,6,10,0.6,3,3,1.0,4,4,1.0,2,14,16,10,0,1,3,1,19,19,1,1,20.6,0
543,543,22016,203999,21600876,"FEB 26, 2017",DEN vs. MEM,L,33,5,11,0.455,0,2,0.0,0,0,0.0,2,9,11,6,1,1,2,3,10,4,1,0,20.8,0
544,544,22016,203999,21600864,"FEB 24, 2017",DEN vs. BKN,W,15,1,1,1.0,0,0,0.0,0,0,0.0,3,2,5,7,1,1,4,4,2,6,1,0,18.8,0
545,545,22016,203999,21600855,"FEB 23, 2017",DEN @ SAC,L,26,2,7,0.286,0,2,0.0,0,0,0.0,2,9,11,2,0,0,1,3,4,5,1,1,15.0,0
546,546,22016,203999,21600842,"FEB 15, 2017",DEN vs. MIN,L,34,6,19,0.316,2,5,0.4,1,2,0.5,4,10,14,4,1,3,2,5,15,1,1,0,9.6,1
547,547,22016,203999,21600827,"FEB 13, 2017",DEN vs. GSW,W,36,7,13,0.538,0,0,0.0,3,4,0.75,6,15,21,12,2,0,6,3,17,33,1,0,10.0,1
548,548,22016,203999,21600811,"FEB 11, 2017",DEN @ CLE,L,38,9,18,0.5,1,2,0.5,8,10,0.8,6,7,13,4,0,2,5,2,27,-10,1,1,9.6,1
549,549,22016,203999,21600800,"FEB 10, 2017",DEN @ NYK,W,37,17,23,0.739,2,3,0.667,4,5,0.8,4,5,9,5,2,0,2,2,40,19,1,1,13.0,1
550,550,22016,203999,21600785,"FEB 08, 2017",DEN @ ATL,L,34,8,17,0.471,2,3,0.667,0,0,0.0,9,6,15,3,0,0,0,4,18,-12,1,1,20.6,0
551,551,22016,203999,21600776,"FEB 06, 2017",DEN vs. DAL,W,24,5,9,0.556,0,1,0.0,3,3,1.0,1,3,4,9,1,0,2,5,13,18,1,0,23.4,0
552,552,22016,203999,21600762,"FEB 04, 2017",DEN @ SAS,L,15,5,9,0.556,1,2,0.5,0,0,0.0,1,0,1,2,0,0,5,3,11,-14,1,1,23.0,0
553,553,22016,203999,21600752,"FEB 03, 2017",DEN vs. MIL,W,32,8,15,0.533,2,4,0.5,2,2,1.0,6,6,12,11,1,0,2,0,20,8,2,0,21.8,0
554,554,22016,203999,21600692,"JAN 26, 2017",DEN vs. PHX,W,36,12,21,0.571,0,2,0.0,5,6,0.833,8,6,14,8,1,2,3,2,29,21,1,0,20.4,1
555,555,22016,203999,21600678,"JAN 24, 2017",DEN vs. UTA,W,35,9,15,0.6,0,4,0.0,5,5,1.0,0,11,11,6,2,3,4,3,23,3,1,0,18.2,1
556,556,22016,203999,21600664,"JAN 22, 2017",DEN @ MIN,L,27,8,15,0.533,0,3,0.0,2,2,1.0,5,4,9,4,2,2,4,5,18,-7,1,1,19.2,0
557,557,22016,203999,21600658,"JAN 21, 2017",DEN vs. LAC,W,21,8,11,0.727,2,3,0.667,1,1,1.0,3,7,10,3,0,0,3,3,19,20,1,0,20.2,0
558,558,22016,203999,21600639,"JAN 19, 2017",DEN @ SAS,L,38,14,22,0.636,2,4,0.5,5,5,1.0,4,8,12,4,0,2,3,2,35,-17,1,1,21.8,1
559,559,22016,203999,21600626,"JAN 17, 2017",DEN @ LAL,W,34,12,22,0.545,1,5,0.2,4,6,0.667,7,8,15,1,0,3,2,3,29,21,1,1,24.8,1
560,560,22016,203999,21600617,"JAN 16, 2017",DEN vs. ORL,W,36,13,19,0.684,1,2,0.5,3,5,0.6,3,8,11,5,3,1,2,2,30,18,1,0,24.8,1
561,561,22016,203999,21600589,"JAN 12, 2017",DEN vs. IND,W,30,7,11,0.636,2,3,0.667,6,6,1.0,3,7,10,8,1,1,3,1,22,29,1,0,26.2,0
562,562,22016,203999,21600543,"JAN 05, 2017",DEN vs. SAS,L,27,8,10,0.8,0,0,0.0,3,4,0.75,5,6,11,5,1,0,3,2,19,-9,1,0,27.0,0
563,563,22016,203999,21600526,"JAN 03, 2017",DEN vs. SAC,L,28,7,11,0.636,1,2,0.5,3,3,1.0,1,5,6,5,1,1,1,3,18,-20,1,0,27.0,0
564,564,22016,203999,21600520,"JAN 02, 2017",DEN @ GSW,L,25,8,17,0.471,1,2,0.5,4,4,1.0,8,5,13,5,1,0,2,2,21,-5,1,1,23.6,0
565,565,22016,203999,21600500,"DEC 30, 2016",DEN vs. PHI,L,22,9,13,0.692,0,0,0.0,7,9,0.778,2,5,7,4,0,0,2,5,25,-1,1,0,22.0,1
566,566,22016,203999,21600483,"DEC 28, 2016",DEN vs. MIN,W,34,6,12,0.5,0,2,0.0,4,5,0.8,2,6,8,11,0,1,2,3,16,-3,1,0,21.0,0
567,567,22016,203999,21600470,"DEC 26, 2016",DEN @ LAC,W,32,11,16,0.688,2,3,0.667,0,1,0.0,2,8,10,4,3,0,2,4,24,17,1,1,19.8,1
568,568,22016,203999,21600451,"DEC 23, 2016",DEN vs. ATL,L,19,3,4,0.75,1,1,1.0,1,2,0.5,1,6,7,6,0,3,5,6,8,5,1,0,20.8,0
569,569,22016,203999,21600426,"DEC 20, 2016",DEN @ LAC,L,21,4,7,0.571,0,2,0.0,1,2,0.5,2,4,6,1,0,0,2,3,9,-21,1,1,18.8,0
570,570,22016,203999,21600417,"DEC 19, 2016",DEN vs. DAL,W,38,13,17,0.765,1,1,1.0,0,0,0.0,3,14,17,9,1,0,3,1,27,20,1,0,16.4,1
571,571,22016,203999,21600404,"DEC 17, 2016",DEN vs. NYK,W,20,5,8,0.625,0,0,0.0,0,0,0.0,2,7,9,5,0,0,1,5,10,6,1,0,16.8,0
572,572,22016,203999,21600386,"DEC 15, 2016",DEN vs. POR,W,19,5,6,0.833,1,1,1.0,2,3,0.667,0,4,4,5,0,0,1,5,13,15,1,0,15.6,0
573,573,22016,203999,21600365,"DEC 12, 2016",DEN @ DAL,L,26,10,12,0.833,0,0,0.0,7,7,1.0,7,4,11,4,1,1,1,1,27,2,1,1,13.4,1
574,574,22016,203999,21600347,"DEC 10, 2016",DEN @ ORL,W,26,6,11,0.545,0,3,0.0,2,2,1.0,1,5,6,6,1,2,1,3,14,22,1,1,17.2,0
575,575,22016,203999,21600332,"DEC 08, 2016",DEN @ WAS,L,28,6,10,0.6,0,0,0.0,5,7,0.714,7,4,11,1,0,1,4,1,17,-20,1,1,18.2,0
576,576,22016,203999,21600323,"DEC 07, 2016",DEN @ BKN,L,21,5,7,0.714,0,0,0.0,4,4,1.0,7,3,10,3,0,1,1,3,14,18,1,1,16.2,0
577,577,22016,203999,21600273,"NOV 30, 2016",DEN vs. MIA,L,24,7,11,0.636,0,0,0.0,3,4,0.75,3,11,14,3,1,0,1,3,17,1,1,0,17.0,0
578,578,22016,203999,21600246,"NOV 27, 2016",DEN @ PHX,W,31,3,8,0.375,1,2,0.5,6,6,1.0,3,8,11,3,0,1,1,2,13,11,1,1,17.8,0
579,579,22016,203999,21600235,"NOV 25, 2016",DEN vs. OKC,L,29,3,7,0.429,1,2,0.5,0,0,0.0,3,3,6,5,0,2,3,5,7,-6,1,0,15.0,0
580,580,22016,203999,21600221,"NOV 23, 2016",DEN @ UTA,L,23,4,6,0.667,0,0,0.0,1,2,0.5,1,4,5,6,0,0,0,4,9,-3,1,1,13.6,0
581,581,22016,203999,21600210,"NOV 22, 2016",DEN vs. CHI,W,18,3,5,0.6,0,0,0.0,2,2,1.0,3,5,8,3,1,1,0,1,8,13,1,0,12.0,0
582,582,22016,203999,21600197,"NOV 20, 2016",DEN vs. UTA,W,21,5,8,0.625,1,1,1.0,1,2,0.5,2,4,6,4,0,1,0,3,12,11,1,0,10.8,1
583,583,22016,203999,21600181,"NOV 18, 2016",DEN vs. TOR,L,27,4,8,0.5,0,2,0.0,0,0,0.0,2,10,12,4,0,2,3,3,8,3,1,0,9.8,0
584,584,22016,203999,21600166,"NOV 16, 2016",DEN vs. PHX,W,19,3,4,0.75,0,0,0.0,4,5,0.8,0,2,2,2,0,0,1,3,10,-1,1,0,8.8,1
585,585,22016,203999,21600144,"NOV 13, 2016",DEN @ POR,L,26,0,3,0.0,0,0,0.0,0,0,0.0,0,5,5,3,1,1,2,5,0,11,1,1,9.4,0
586,586,22016,203999,21600138,"NOV 12, 2016",DEN vs. DET,L,20,2,7,0.286,0,0,0.0,2,2,1.0,2,1,3,1,1,0,1,1,6,-6,1,0,7.6,0
587,587,22016,203999,21600119,"NOV 10, 2016",DEN vs. GSW,L,18,1,5,0.2,0,3,0.0,2,2,1.0,1,2,3,2,1,0,0,3,4,-21,1,0,7.2,0
588,588,22016,203999,21600102,"NOV 08, 2016",DEN @ MEM,L,28,4,10,0.4,1,3,0.333,3,4,0.75,1,4,5,2,2,0,0,4,12,5,1,1,5.6,1
589,589,22016,203999,21600091,"NOV 06, 2016",DEN @ BOS,W,22,4,5,0.8,0,1,0.0,1,1,1.0,0,5,5,2,1,1,1,2,9,6,1,1,6.4,1
590,590,22016,203999,21600082,"NOV 05, 2016",DEN @ DET,L,23,3,9,0.333,0,0,0.0,0,0,0.0,2,4,6,0,1,1,1,3,6,-14,1,1,6.2,0
591,591,22016,203999,21600067,"NOV 03, 2016",DEN @ MIN,W,14,3,3,1.0,0,0,0.0,2,4,0.5,1,2,3,5,0,0,1,3,8,7,1,1,7.4,1
592,592,22016,203999,21600042,"OCT 31, 2016",DEN @ TOR,L,22,6,9,0.667,0,1,0.0,0,0,0.0,2,2,4,1,0,0,4,4,12,-9,1,1,7.8,1
593,593,22016,203999,21600033,"OCT 29, 2016",DEN vs. POR,L,34,10,20,0.5,1,5,0.2,2,3,0.667,6,11,17,2,4,1,1,5,23,-1,1,0,9.4,1
594,594,22016,203999,21600010,"OCT 26, 2016",DEN @ NOP,W,21,2,5,0.4,1,2,0.5,0,0,0.0,1,6,7,2,0,0,4,4,5,5,1,1,11.6,0
595,595,22015,203999,21501230,"APR 13, 2016",DEN @ POR,L,35,7,10,0.7,1,2,0.5,3,3,1.0,6,7,13,5,0,0,2,3,18,4,1,1,10.8,1
596,596,22015,203999,21501198,"APR 10, 2016",DEN vs. UTA,L,36,7,9,0.778,0,2,0.0,5,6,0.833,3,8,11,4,2,1,1,4,19,-16,1,0,13.2,1
597,597,22015,203999,21501186,"APR 08, 2016",DEN vs. SAS,W,32,3,9,0.333,0,2,0.0,2,2,1.0,3,12,15,4,1,1,0,2,8,24,1,0,15.4,0
598,598,22015,203999,21501160,"APR 05, 2016",DEN vs. OKC,L,19,3,5,0.6,1,3,0.333,0,0,0.0,0,2,2,2,0,2,0,2,7,-9,1,0,14.6,0
599,599,22015,203999,21501141,"APR 02, 2016",DEN vs. SAC,L,32,2,6,0.333,0,1,0.0,2,2,1.0,4,9,13,5,1,2,0,2,6,-1,1,0,11.4,0
600,600,22015,203999,21501125,"MAR 31, 2016",DEN @ NOP,L,23,4,7,0.571,1,3,0.333,0,0,0.0,2,6,8,3,1,1,1,1,9,-8,1,1,11.6,0
601,601,22015,203999,21501114,"MAR 30, 2016",DEN @ MEM,W,29,4,6,0.667,1,1,1.0,0,0,0.0,5,9,14,1,0,1,1,5,9,3,1,1,9.8,0
602,602,22015,203999,21501103,"MAR 28, 2016",DEN vs. DAL,L,24,1,7,0.143,0,2,0.0,0,0,0.0,0,8,8,2,2,0,3,2,2,10,1,0,7.8,0
603,603,22015,203999,21501092,"MAR 27, 2016",DEN @ LAC,L,21,2,7,0.286,0,1,0.0,1,2,0.5,3,6,9,2,1,0,0,1,5,-18,1,1,6.6,0
604,604,22015,203999,21501081,"MAR 25, 2016",DEN @ LAL,W,22,4,9,0.444,0,2,0.0,0,0,0.0,2,10,12,4,0,0,1,3,8,-2,1,1,6.2,1
605,605,22015,203999,21501064,"MAR 23, 2016",DEN vs. PHI,W,27,5,6,0.833,0,0,0.0,8,12,0.667,1,7,8,5,1,0,1,1,18,9,1,0,6.6,1
606,606,22015,203999,21501044,"MAR 21, 2016",DEN @ CLE,L,23,4,12,0.333,0,1,0.0,3,3,1.0,1,3,4,3,3,0,2,2,11,-24,1,1,8.4,1
607,607,22015,203999,21501028,"MAR 19, 2016",DEN @ CHA,W,25,5,16,0.313,1,2,0.5,0,0,0.0,6,8,14,4,0,1,1,6,11,6,1,1,8.8,1
608,608,22015,203999,21501015,"MAR 17, 2016",DEN @ ATL,L,22,4,7,0.571,0,1,0.0,0,0,0.0,1,4,5,2,1,1,1,2,8,-25,1,1,10.6,0
609,609,22015,203999,21500998,"MAR 15, 2016",DEN @ ORL,L,25,5,8,0.625,1,1,1.0,3,3,1.0,3,3,6,4,1,1,2,3,14,-5,1,1,11.2,1
610,610,22015,203999,21500990,"MAR 14, 2016",DEN @ MIA,L,28,5,10,0.5,1,2,0.5,1,2,0.5,3,5,8,4,2,1,1,2,12,4,1,1,12.4,0
611,611,22015,203999,21500980,"MAR 12, 2016",DEN vs. WAS,W,17,0,0,0.0,0,0,0.0,0,0,0.0,0,5,5,3,0,0,2,4,0,-4,1,0,11.2,0
612,612,22015,203999,21500961,"MAR 10, 2016",DEN vs. PHX,W,27,6,8,0.75,1,2,0.5,5,5,1.0,2,8,10,4,2,3,0,4,18,20,1,0,9.0,1
613,613,22015,203999,21500946,"MAR 08, 2016",DEN vs. NYK,W,34,9,20,0.45,0,1,0.0,2,4,0.5,3,6,9,3,1,1,1,0,20,10,1,0,10.4,1
614,614,22015,203999,21500933,"MAR 06, 2016",DEN vs. DAL,W,21,4,11,0.364,0,2,0.0,5,5,1.0,2,10,12,3,2,1,3,4,13,9,1,0,12.8,1
615,615,22015,203999,21500920,"MAR 04, 2016",DEN vs. BKN,L,34,6,14,0.429,0,2,0.0,3,3,1.0,2,10,12,4,1,1,2,5,15,-1,1,0,12.6,1
616,616,22015,203999,21500906,"MAR 02, 2016",DEN vs. LAL,W,28,3,8,0.375,1,2,0.5,7,8,0.875,1,5,6,3,0,2,1,5,14,17,1,0,13.2,1
617,617,22015,203999,21500888,"FEB 29, 2016",DEN vs. MEM,L,19,3,4,0.75,0,0,0.0,4,4,1.0,0,6,6,3,1,1,3,2,10,-2,1,0,16.0,0
618,618,22015,203999,21500866,"FEB 26, 2016",DEN @ DAL,L,11,2,4,0.5,0,0,0.0,1,2,0.5,3,1,4,2,0,0,1,3,5,4,1,1,14.4,0
619,619,22015,203999,21500853,"FEB 24, 2016",DEN @ LAC,W,26,3,9,0.333,1,4,0.25,0,0,0.0,4,7,11,3,1,1,3,2,7,8,1,1,11.4,0
620,620,22015,203999,21500842,"FEB 23, 2016",DEN vs. SAC,L,20,4,8,0.5,1,2,0.5,4,4,1.0,4,9,13,6,2,0,2,5,13,-5,1,0,10.2,1
621,621,22015,203999,21500825,"FEB 21, 2016",DEN vs. BOS,L,30,10,15,0.667,1,2,0.5,2,2,1.0,3,10,13,4,2,0,4,4,23,-11,1,0,9.8,1
622,622,22015,203999,21500816,"FEB 19, 2016",DEN @ SAC,L,4,0,0,0.0,0,0,0.0,0,0,0.0,0,1,1,0,0,0,1,4,0,-3,1,1,11.6,0
623,623,22015,203999,21500794,"FEB 10, 2016",DEN @ DET,W,25,2,7,0.286,0,1,0.0,1,1,1.0,0,6,6,2,1,0,1,0,5,5,1,1,9.6,0
624,624,22015,203999,21500778,"FEB 08, 2016",DEN @ BKN,L,14,1,5,0.2,0,1,0.0,0,0,0.0,1,2,3,0,1,0,1,2,2,-10,1,1,9.6,0
625,625,22015,203999,21500770,"FEB 07, 2016",DEN @ NYK,W,19,4,9,0.444,1,1,1.0,4,4,1.0,3,3,6,0,1,0,1,3,13,-4,1,1,8.6,1
626,626,22015,203999,21500757,"FEB 05, 2016",DEN vs. CHI,W,26,6,14,0.429,2,2,1.0,2,2,1.0,4,8,12,3,0,2,1,6,16,5,1,0,8.6,1
627,627,22015,203999,21500743,"FEB 03, 2016",DEN @ UTA,L,29,3,9,0.333,1,2,0.5,1,2,0.5,3,3,6,4,2,0,0,5,8,-3,1,1,7.2,1
628,628,22015,203999,21500727,"FEB 01, 2016",DEN vs. TOR,W,30,12,18,0.667,1,3,0.333,2,4,0.5,3,11,14,4,0,1,2,3,27,12,1,0,8.8,1
629,629,22015,203999,21500709,"JAN 30, 2016",DEN @ IND,L,35,7,15,0.467,1,2,0.5,1,1,1.0,3,8,11,2,5,0,3,4,16,11,1,1,13.2,1
630,630,22015,203999,21500693,"JAN 28, 2016",DEN @ WAS,W,25,7,12,0.583,0,1,0.0,1,3,0.333,5,5,10,3,1,1,0,5,15,6,1,1,16.0,0
631,631,22015,203999,21500685,"JAN 27, 2016",DEN @ BOS,L,19,1,6,0.167,0,0,0.0,1,2,0.5,3,4,7,4,1,1,3,2,3,-7,1,1,16.4,0
632,632,22015,203999,21500672,"JAN 25, 2016",DEN vs. ATL,L,18,5,7,0.714,0,1,0.0,5,6,0.833,3,7,10,3,2,1,0,2,15,12,1,0,13.8,1
633,633,22015,203999,21500661,"JAN 23, 2016",DEN vs. DET,W,32,7,11,0.636,1,1,1.0,2,2,1.0,1,4,5,3,2,3,0,3,17,6,1,0,15.2,1
634,634,22015,203999,21500642,"JAN 21, 2016",DEN vs. MEM,L,14,2,3,0.667,0,0,0.0,5,5,1.0,1,1,2,2,2,0,0,3,9,-1,1,0,13.2,0
635,635,22015,203999,21500627,"JAN 19, 2016",DEN vs. OKC,L,19,2,4,0.5,0,1,0.0,2,2,1.0,1,2,3,1,1,0,1,2,6,3,1,0,11.8,0
636,636,22015,203999,21500613,"JAN 17, 2016",DEN vs. IND,W,24,6,11,0.545,1,3,0.333,5,6,0.833,2,0,2,3,4,0,1,2,18,4,1,0,10.0,1
637,637,22015,203999,21500600,"JAN 15, 2016",DEN vs. MIA,L,18,4,7,0.571,0,0,0.0,1,1,1.0,2,4,6,5,0,1,1,2,9,3,1,0,13.0,0
638,638,22015,203999,21500583,"JAN 13, 2016",DEN vs. GSW,W,16,3,6,0.5,0,1,0.0,0,0,0.0,3,4,7,2,3,0,1,4,6,13,1,0,11.8,0
639,639,22015,203999,21500563,"JAN 10, 2016",DEN vs. CHA,W,23,2,4,0.5,0,1,0.0,0,0,0.0,0,7,7,9,0,1,1,1,4,4,1,0,9.6,0
640,640,22015,203999,21500542,"JAN 08, 2016",DEN @ MEM,L,19,4,4,1.0,1,1,1.0,0,0,0.0,3,2,5,1,0,0,1,2,9,4,1,1,8.6,1
641,641,22015,203999,21500530,"JAN 06, 2016",DEN @ MIN,W,26,2,5,0.4,0,1,0.0,0,0,0.0,2,3,5,3,0,0,2,1,4,-7,1,1,9.2,0
642,642,22015,203999,21500509,"JAN 03, 2016",DEN vs. POR,L,22,3,7,0.429,0,1,0.0,3,4,0.75,4,6,10,2,2,1,2,5,9,0,1,0,6.4,1
643,643,22015,203999,21500504,"JAN 02, 2016",DEN @ GSW,L,5,0,0,0.0,0,0,0.0,0,0,0.0,0,1,1,1,0,0,2,2,0,-18,1,1,6.4,0
644,644,22015,203999,21500482,"DEC 30, 2015",DEN @ POR,L,18,3,6,0.5,0,0,0.0,4,4,1.0,3,3,6,1,0,2,2,0,10,0,1,1,5.2,1
645,645,22015,203999,21500473,"DEC 29, 2015",DEN vs. CLE,L,22,4,11,0.364,0,0,0.0,2,3,0.667,2,5,7,1,1,1,2,6,10,4,1,0,6.4,1
646,646,22015,203999,21500456,"DEC 27, 2015",DEN @ OKC,L,17,3,7,0.429,1,1,1.0,0,0,0.0,1,2,3,2,1,0,2,4,7,4,1,1,6.6,1
647,647,22015,203999,21500450,"DEC 26, 2015",DEN @ SAS,L,26,10,19,0.526,1,2,0.5,1,2,0.5,5,2,7,5,1,1,3,4,22,7,1,1,7.2,1
648,648,22015,203999,21500433,"DEC 23, 2015",DEN @ PHX,W,22,5,7,0.714,1,2,0.5,2,2,1.0,5,4,9,2,1,0,2,3,13,18,1,1,9.8,1
649,649,22015,203999,21500422,"DEC 22, 2015",DEN vs. LAL,L,30,5,7,0.714,0,0,0.0,5,6,0.833,6,4,10,5,0,0,3,1,15,3,1,0,12.4,1
650,650,22015,203999,21500409,"DEC 20, 2015",DEN vs. NOP,L,23,6,8,0.75,0,1,0.0,1,2,0.5,1,2,3,2,0,1,0,2,13,11,1,0,13.4,0
651,651,22015,203999,21500395,"DEC 18, 2015",DEN @ UTA,L,21,1,5,0.2,0,2,0.0,5,6,0.833,3,7,10,0,1,0,2,3,7,-5,1,1,14.0,0
652,652,22015,203999,21500368,"DEC 15, 2015",DEN @ MIN,W,21,3,4,0.75,0,0,0.0,0,0,0.0,2,1,3,2,2,2,2,3,6,12,1,1,14.0,0
653,653,22015,203999,21500365,"DEC 14, 2015",DEN vs. HOU,W,22,3,3,1.0,0,0,0.0,3,3,1.0,0,7,7,1,1,0,1,1,9,24,1,0,10.8,0
654,654,22015,203999,21500340,"DEC 11, 2015",DEN vs. MIN,W,25,5,10,0.5,1,2,0.5,8,8,1.0,3,3,6,4,1,0,2,5,19,9,1,0,10.0,1
655,655,22015,203999,21500317,"DEC 08, 2015",DEN vs. ORL,L,17,2,6,0.333,0,0,0.0,0,0,0.0,1,3,4,1,0,0,0,1,4,2,1,0,10.8,0
656,656,22015,203999,21500278,"DEC 03, 2015",DEN @ TOR,W,14,4,7,0.571,0,0,0.0,0,0,0.0,1,5,6,0,0,0,0,0,8,3,1,1,9.0,0
657,657,22015,203999,21500273,"DEC 02, 2015",DEN @ CHI,L,10,3,6,0.5,1,1,1.0,0,0,0.0,0,3,3,0,0,1,0,1,7,-1,1,1,9.2,0
658,658,22015,203999,21500258,"NOV 30, 2015",DEN @ MIL,L,25,4,7,0.571,0,1,0.0,0,2,0.0,1,5,6,2,0,2,1,1,8,-14,1,1,9.4,0
659,659,22015,203999,21500241,"NOV 28, 2015",DEN @ DAL,L,19,2,3,0.667,1,1,1.0,3,4,0.75,2,4,6,0,1,0,3,3,8,-7,1,1,9.2,0
660,660,22015,203999,21500235,"NOV 27, 2015",DEN vs. SAS,L,12,3,4,0.75,0,0,0.0,0,0,0.0,1,1,2,0,0,0,3,4,6,5,1,0,7.0,0
661,661,22015,203999,21500212,"NOV 24, 2015",DEN vs. LAC,L,24,7,13,0.538,0,1,0.0,2,3,0.667,1,5,6,2,0,0,1,5,16,-4,1,0,7.4,1
662,662,22015,203999,21500200,"NOV 22, 2015",DEN vs. GSW,L,27,3,7,0.429,0,0,0.0,5,7,0.714,4,7,11,2,2,1,1,0,11,-12,1,0,9.0,1
663,663,22015,203999,21500185,"NOV 20, 2015",DEN vs. PHX,L,18,2,6,0.333,0,1,0.0,2,2,1.0,2,2,4,1,1,0,0,3,6,-9,1,0,9.8,0
664,664,22015,203999,21500172,"NOV 18, 2015",DEN @ SAS,L,32,8,13,0.615,1,1,1.0,6,6,1.0,6,6,12,0,2,3,0,2,23,-2,1,1,9.4,1
665,665,22015,203999,21500163,"NOV 17, 2015",DEN @ NOP,W,1,0,0,0.0,0,0,0.0,0,0,0.0,1,0,1,0,0,0,0,0,0,0,1,1,12.4,0
666,666,22015,203999,21500143,"NOV 14, 2015",DEN @ PHX,L,18,2,3,0.667,0,0,0.0,0,0,0.0,2,4,6,0,3,0,0,3,4,2,1,1,11.2,0
667,667,22015,203999,21500136,"NOV 13, 2015",DEN vs. HOU,W,6,1,3,0.333,0,1,0.0,1,2,0.5,2,3,5,0,0,0,1,2,3,5,1,0,8.8,0
668,668,22015,203999,21500121,"NOV 11, 2015",DEN vs. MIL,W,14,4,7,0.571,0,0,0.0,0,1,0.0,3,2,5,4,2,0,2,0,8,9,1,0,7.2,1
669,669,22015,203999,21500102,"NOV 09, 2015",DEN vs. POR,W,16,3,3,1.0,0,0,0.0,4,4,1.0,0,2,2,1,2,0,1,2,10,-1,1,0,7.6,1
670,670,22015,203999,21500083,"NOV 06, 2015",DEN @ GSW,L,17,2,4,0.5,0,0,0.0,0,2,0.0,2,2,4,1,1,1,1,1,4,-5,1,1,5.0,0
671,671,22015,203999,21500073,"NOV 05, 2015",DEN vs. UTA,L,18,1,4,0.25,0,0,0.0,3,4,0.75,1,2,3,0,0,1,1,1,5,-6,1,0,5.8,0
672,672,22015,203999,21500044,"NOV 01, 2015",DEN @ OKC,L,24,4,9,0.444,0,0,0.0,0,0,0.0,3,1,4,0,0,0,1,2,8,-2,1,1,6.0,1
673,673,22015,203999,21500029,"OCT 30, 2015",DEN vs. MIN,L,18,5,8,0.625,0,0,0.0,0,0,0.0,3,6,9,1,0,0,2,3,10,10,1,0,7.0,1
674,674,22015,203999,21500010,"OCT 28, 2015",DEN @ HOU,W,4,1,1,1.0,0,0,0.0,0,0,0.0,0,0,0,0,0,0,1,0,2,1,1,1,7.4,0
